matrix_index,segment_id,role,contract
0,0,row_target_and_column_source,"G[target_index, source_index] = directed influence from source to target"
1,1,row_target_and_column_source,"G[target_index, source_index] = directed influence from source to target"
2,2,row_target_and_column_source,"G[target_index, source_index] = directed influence from source to target"
3,3,row_target_and_column_source,"G[target_index, source_index] = directed influence from source to target"
4,4,row_target_and_column_source,"G[target_index, source_index] = directed influence from source to target"
5,5,row_target_and_column_source,"G[target_index, source_index] = directed influence from source to target"
6,6,row_target_and_column_source,"G[target_index, source_index] = directed influence from source to target"
7,7,row_target_and_column_source,"G[target_index, source_index] = directed influence from source to target"
8,8,row_target_and_column_source,"G[target_index, source_index] = directed influence from source to target"
9,9,row_target_and_column_source,"G[target_index, source_index] = directed influence from source to target"
10,10,row_target_and_column_source,"G[target_index, source_index] = directed influence from source to target"
11,11,row_target_and_column_source,"G[target_index, source_index] = directed influence from source to target"
12,12,row_target_and_column_source,"G[target_index, source_index] = directed influence from source to target"
13,13,row_target_and_column_source,"G[target_index, source_index] = directed influence from source to target"
14,14,row_target_and_column_source,"G[target_index, source_index] = directed influence from source to target"
15,15,row_target_and_column_source,"G[target_index, source_index] = directed influence from source to target"
16,16,row_target_and_column_source,"G[target_index, source_index] = directed influence from source to target"
17,17,row_target_and_column_source,"G[target_index, source_index] = directed influence from source to target"
18,18,row_target_and_column_source,"G[target_index, source_index] = directed influence from source to target"
19,19,row_target_and_column_source,"G[target_index, source_index] = directed influence from source to target"
20,20,row_target_and_column_source,"G[target_index, source_index] = directed influence from source to target"
21,21,row_target_and_column_source,"G[target_index, source_index] = directed influence from source to target"
22,22,row_target_and_column_source,"G[target_index, source_index] = directed influence from source to target"
23,23,row_target_and_column_source,"G[target_index, source_index] = directed influence from source to target"
24,24,row_target_and_column_source,"G[target_index, source_index] = directed influence from source to target"
25,25,row_target_and_column_source,"G[target_index, source_index] = directed influence from source to target"
26,26,row_target_and_column_source,"G[target_index, source_index] = directed influence from source to target"
27,27,row_target_and_column_source,"G[target_index, source_index] = directed influence from source to target"
28,28,row_target_and_column_source,"G[target_index, source_index] = directed influence from source to target"
29,29,row_target_and_column_source,"G[target_index, source_index] = directed influence from source to target"
30,30,row_target_and_column_source,"G[target_index, source_index] = directed influence from source to target"
31,31,row_target_and_column_source,"G[target_index, source_index] = directed influence from source to target"
32,32,row_target_and_column_source,"G[target_index, source_index] = directed influence from source to target"
33,33,row_target_and_column_source,"G[target_index, source_index] = directed influence from source to target"
34,34,row_target_and_column_source,"G[target_index, source_index] = directed influence from source to target"
35,35,row_target_and_column_source,"G[target_index, source_index] = directed influence from source to target"
36,36,row_target_and_column_source,"G[target_index, source_index] = directed influence from source to target"
37,37,row_target_and_column_source,"G[target_index, source_index] = directed influence from source to target"
38,38,row_target_and_column_source,"G[target_index, source_index] = directed influence from source to target"
39,39,row_target_and_column_source,"G[target_index, source_index] = directed influence from source to target"
40,40,row_target_and_column_source,"G[target_index, source_index] = directed influence from source to target"
41,41,row_target_and_column_source,"G[target_index, source_index] = directed influence from source to target"
42,42,row_target_and_column_source,"G[target_index, source_index] = directed influence from source to target"
43,43,row_target_and_column_source,"G[target_index, source_index] = directed influence from source to target"
44,44,row_target_and_column_source,"G[target_index, source_index] = directed influence from source to target"
45,45,row_target_and_column_source,"G[target_index, source_index] = directed influence from source to target"
46,46,row_target_and_column_source,"G[target_index, source_index] = directed influence from source to target"
47,47,row_target_and_column_source,"G[target_index, source_index] = directed influence from source to target"
48,48,row_target_and_column_source,"G[target_index, source_index] = directed influence from source to target"
49,49,row_target_and_column_source,"G[target_index, source_index] = directed influence from source to target"
50,50,row_target_and_column_source,"G[target_index, source_index] = directed influence from source to target"
51,51,row_target_and_column_source,"G[target_index, source_index] = directed influence from source to target"
52,52,row_target_and_column_source,"G[target_index, source_index] = directed influence from source to target"
53,53,row_target_and_column_source,"G[target_index, source_index] = directed influence from source to target"
54,54,row_target_and_column_source,"G[target_index, source_index] = directed influence from source to target"
55,55,row_target_and_column_source,"G[target_index, source_index] = directed influence from source to target"
56,56,row_target_and_column_source,"G[target_index, source_index] = directed influence from source to target"
57,57,row_target_and_column_source,"G[target_index, source_index] = directed influence from source to target"
58,58,row_target_and_column_source,"G[target_index, source_index] = directed influence from source to target"
59,59,row_target_and_column_source,"G[target_index, source_index] = directed influence from source to target"
60,60,row_target_and_column_source,"G[target_index, source_index] = directed influence from source to target"
61,61,row_target_and_column_source,"G[target_index, source_index] = directed influence from source to target"
62,62,row_target_and_column_source,"G[target_index, source_index] = directed influence from source to target"
63,63,row_target_and_column_source,"G[target_index, source_index] = directed influence from source to target"
64,64,row_target_and_column_source,"G[target_index, source_index] = directed influence from source to target"
65,65,row_target_and_column_source,"G[target_index, source_index] = directed influence from source to target"
66,66,row_target_and_column_source,"G[target_index, source_index] = directed influence from source to target"
67,67,row_target_and_column_source,"G[target_index, source_index] = directed influence from source to target"
68,68,row_target_and_column_source,"G[target_index, source_index] = directed influence from source to target"
69,69,row_target_and_column_source,"G[target_index, source_index] = directed influence from source to target"
70,70,row_target_and_column_source,"G[target_index, source_index] = directed influence from source to target"
71,71,row_target_and_column_source,"G[target_index, source_index] = directed influence from source to target"
72,72,row_target_and_column_source,"G[target_index, source_index] = directed influence from source to target"
73,73,row_target_and_column_source,"G[target_index, source_index] = directed influence from source to target"
74,74,row_target_and_column_source,"G[target_index, source_index] = directed influence from source to target"
75,75,row_target_and_column_source,"G[target_index, source_index] = directed influence from source to target"
76,76,row_target_and_column_source,"G[target_index, source_index] = directed influence from source to target"
77,77,row_target_and_column_source,"G[target_index, source_index] = directed influence from source to target"
78,78,row_target_and_column_source,"G[target_index, source_index] = directed influence from source to target"
79,79,row_target_and_column_source,"G[target_index, source_index] = directed influence from source to target"
80,80,row_target_and_column_source,"G[target_index, source_index] = directed influence from source to target"
81,81,row_target_and_column_source,"G[target_index, source_index] = directed influence from source to target"
82,82,row_target_and_column_source,"G[target_index, source_index] = directed influence from source to target"
83,83,row_target_and_column_source,"G[target_index, source_index] = directed influence from source to target"
84,84,row_target_and_column_source,"G[target_index, source_index] = directed influence from source to target"
85,85,row_target_and_column_source,"G[target_index, source_index] = directed influence from source to target"
86,86,row_target_and_column_source,"G[target_index, source_index] = directed influence from source to target"
87,87,row_target_and_column_source,"G[target_index, source_index] = directed influence from source to target"
88,88,row_target_and_column_source,"G[target_index, source_index] = directed influence from source to target"
89,89,row_target_and_column_source,"G[target_index, source_index] = directed influence from source to target"
90,90,row_target_and_column_source,"G[target_index, source_index] = directed influence from source to target"
91,91,row_target_and_column_source,"G[target_index, source_index] = directed influence from source to target"
92,92,row_target_and_column_source,"G[target_index, source_index] = directed influence from source to target"
93,93,row_target_and_column_source,"G[target_index, source_index] = directed influence from source to target"
94,94,row_target_and_column_source,"G[target_index, source_index] = directed influence from source to target"
95,95,row_target_and_column_source,"G[target_index, source_index] = directed influence from source to target"
96,96,row_target_and_column_source,"G[target_index, source_index] = directed influence from source to target"
97,97,row_target_and_column_source,"G[target_index, source_index] = directed influence from source to target"
98,98,row_target_and_column_source,"G[target_index, source_index] = directed influence from source to target"
99,99,row_target_and_column_source,"G[target_index, source_index] = directed influence from source to target"
100,100,row_target_and_column_source,"G[target_index, source_index] = directed influence from source to target"
101,101,row_target_and_column_source,"G[target_index, source_index] = directed influence from source to target"
102,102,row_target_and_column_source,"G[target_index, source_index] = directed influence from source to target"
103,103,row_target_and_column_source,"G[target_index, source_index] = directed influence from source to target"
104,104,row_target_and_column_source,"G[target_index, source_index] = directed influence from source to target"
105,105,row_target_and_column_source,"G[target_index, source_index] = directed influence from source to target"
106,106,row_target_and_column_source,"G[target_index, source_index] = directed influence from source to target"
107,107,row_target_and_column_source,"G[target_index, source_index] = directed influence from source to target"
108,108,row_target_and_column_source,"G[target_index, source_index] = directed influence from source to target"
109,109,row_target_and_column_source,"G[target_index, source_index] = directed influence from source to target"
110,110,row_target_and_column_source,"G[target_index, source_index] = directed influence from source to target"
111,111,row_target_and_column_source,"G[target_index, source_index] = directed influence from source to target"
112,112,row_target_and_column_source,"G[target_index, source_index] = directed influence from source to target"
113,113,row_target_and_column_source,"G[target_index, source_index] = directed influence from source to target"
114,114,row_target_and_column_source,"G[target_index, source_index] = directed influence from source to target"
115,115,row_target_and_column_source,"G[target_index, source_index] = directed influence from source to target"
116,116,row_target_and_column_source,"G[target_index, source_index] = directed influence from source to target"
117,117,row_target_and_column_source,"G[target_index, source_index] = directed influence from source to target"
118,118,row_target_and_column_source,"G[target_index, source_index] = directed influence from source to target"
119,119,row_target_and_column_source,"G[target_index, source_index] = directed influence from source to target"
120,120,row_target_and_column_source,"G[target_index, source_index] = directed influence from source to target"
121,121,row_target_and_column_source,"G[target_index, source_index] = directed influence from source to target"
122,122,row_target_and_column_source,"G[target_index, source_index] = directed influence from source to target"
123,123,row_target_and_column_source,"G[target_index, source_index] = directed influence from source to target"
124,124,row_target_and_column_source,"G[target_index, source_index] = directed influence from source to target"
125,125,row_target_and_column_source,"G[target_index, source_index] = directed influence from source to target"
126,126,row_target_and_column_source,"G[target_index, source_index] = directed influence from source to target"
127,127,row_target_and_column_source,"G[target_index, source_index] = directed influence from source to target"
128,128,row_target_and_column_source,"G[target_index, source_index] = directed influence from source to target"
129,129,row_target_and_column_source,"G[target_index, source_index] = directed influence from source to target"
130,130,row_target_and_column_source,"G[target_index, source_index] = directed influence from source to target"
131,131,row_target_and_column_source,"G[target_index, source_index] = directed influence from source to target"
132,132,row_target_and_column_source,"G[target_index, source_index] = directed influence from source to target"
133,133,row_target_and_column_source,"G[target_index, source_index] = directed influence from source to target"
134,134,row_target_and_column_source,"G[target_index, source_index] = directed influence from source to target"
135,135,row_target_and_column_source,"G[target_index, source_index] = directed influence from source to target"
136,136,row_target_and_column_source,"G[target_index, source_index] = directed influence from source to target"
137,137,row_target_and_column_source,"G[target_index, source_index] = directed influence from source to target"
138,138,row_target_and_column_source,"G[target_index, source_index] = directed influence from source to target"
139,139,row_target_and_column_source,"G[target_index, source_index] = directed influence from source to target"
140,140,row_target_and_column_source,"G[target_index, source_index] = directed influence from source to target"
141,141,row_target_and_column_source,"G[target_index, source_index] = directed influence from source to target"
142,142,row_target_and_column_source,"G[target_index, source_index] = directed influence from source to target"
143,143,row_target_and_column_source,"G[target_index, source_index] = directed influence from source to target"
144,144,row_target_and_column_source,"G[target_index, source_index] = directed influence from source to target"
145,145,row_target_and_column_source,"G[target_index, source_index] = directed influence from source to target"
146,146,row_target_and_column_source,"G[target_index, source_index] = directed influence from source to target"
147,147,row_target_and_column_source,"G[target_index, source_index] = directed influence from source to target"
148,148,row_target_and_column_source,"G[target_index, source_index] = directed influence from source to target"
149,149,row_target_and_column_source,"G[target_index, source_index] = directed influence from source to target"
150,150,row_target_and_column_source,"G[target_index, source_index] = directed influence from source to target"
151,151,row_target_and_column_source,"G[target_index, source_index] = directed influence from source to target"
152,152,row_target_and_column_source,"G[target_index, source_index] = directed influence from source to target"
153,153,row_target_and_column_source,"G[target_index, source_index] = directed influence from source to target"
154,154,row_target_and_column_source,"G[target_index, source_index] = directed influence from source to target"
155,155,row_target_and_column_source,"G[target_index, source_index] = directed influence from source to target"
156,156,row_target_and_column_source,"G[target_index, source_index] = directed influence from source to target"
157,157,row_target_and_column_source,"G[target_index, source_index] = directed influence from source to target"
158,158,row_target_and_column_source,"G[target_index, source_index] = directed influence from source to target"
159,159,row_target_and_column_source,"G[target_index, source_index] = directed influence from source to target"
160,160,row_target_and_column_source,"G[target_index, source_index] = directed influence from source to target"
161,161,row_target_and_column_source,"G[target_index, source_index] = directed influence from source to target"
162,162,row_target_and_column_source,"G[target_index, source_index] = directed influence from source to target"
163,163,row_target_and_column_source,"G[target_index, source_index] = directed influence from source to target"
164,164,row_target_and_column_source,"G[target_index, source_index] = directed influence from source to target"
165,165,row_target_and_column_source,"G[target_index, source_index] = directed influence from source to target"
166,166,row_target_and_column_source,"G[target_index, source_index] = directed influence from source to target"
167,167,row_target_and_column_source,"G[target_index, source_index] = directed influence from source to target"
168,168,row_target_and_column_source,"G[target_index, source_index] = directed influence from source to target"
169,169,row_target_and_column_source,"G[target_index, source_index] = directed influence from source to target"
170,170,row_target_and_column_source,"G[target_index, source_index] = directed influence from source to target"
171,171,row_target_and_column_source,"G[target_index, source_index] = directed influence from source to target"
172,172,row_target_and_column_source,"G[target_index, source_index] = directed influence from source to target"
173,173,row_target_and_column_source,"G[target_index, source_index] = directed influence from source to target"
174,174,row_target_and_column_source,"G[target_index, source_index] = directed influence from source to target"
175,175,row_target_and_column_source,"G[target_index, source_index] = directed influence from source to target"
176,176,row_target_and_column_source,"G[target_index, source_index] = directed influence from source to target"
177,177,row_target_and_column_source,"G[target_index, source_index] = directed influence from source to target"
178,178,row_target_and_column_source,"G[target_index, source_index] = directed influence from source to target"
179,179,row_target_and_column_source,"G[target_index, source_index] = directed influence from source to target"
180,180,row_target_and_column_source,"G[target_index, source_index] = directed influence from source to target"
181,181,row_target_and_column_source,"G[target_index, source_index] = directed influence from source to target"
182,182,row_target_and_column_source,"G[target_index, source_index] = directed influence from source to target"
183,183,row_target_and_column_source,"G[target_index, source_index] = directed influence from source to target"
184,184,row_target_and_column_source,"G[target_index, source_index] = directed influence from source to target"
185,185,row_target_and_column_source,"G[target_index, source_index] = directed influence from source to target"
186,186,row_target_and_column_source,"G[target_index, source_index] = directed influence from source to target"
187,187,row_target_and_column_source,"G[target_index, source_index] = directed influence from source to target"
188,188,row_target_and_column_source,"G[target_index, source_index] = directed influence from source to target"
189,189,row_target_and_column_source,"G[target_index, source_index] = directed influence from source to target"
190,190,row_target_and_column_source,"G[target_index, source_index] = directed influence from source to target"
191,191,row_target_and_column_source,"G[target_index, source_index] = directed influence from source to target"
192,192,row_target_and_column_source,"G[target_index, source_index] = directed influence from source to target"
193,193,row_target_and_column_source,"G[target_index, source_index] = directed influence from source to target"
194,194,row_target_and_column_source,"G[target_index, source_index] = directed influence from source to target"
195,195,row_target_and_column_source,"G[target_index, source_index] = directed influence from source to target"
196,196,row_target_and_column_source,"G[target_index, source_index] = directed influence from source to target"
197,197,row_target_and_column_source,"G[target_index, source_index] = directed influence from source to target"
198,198,row_target_and_column_source,"G[target_index, source_index] = directed influence from source to target"
199,199,row_target_and_column_source,"G[target_index, source_index] = directed influence from source to target"
200,200,row_target_and_column_source,"G[target_index, source_index] = directed influence from source to target"
201,201,row_target_and_column_source,"G[target_index, source_index] = directed influence from source to target"
202,202,row_target_and_column_source,"G[target_index, source_index] = directed influence from source to target"
203,203,row_target_and_column_source,"G[target_index, source_index] = directed influence from source to target"
204,204,row_target_and_column_source,"G[target_index, source_index] = directed influence from source to target"
205,205,row_target_and_column_source,"G[target_index, source_index] = directed influence from source to target"
206,206,row_target_and_column_source,"G[target_index, source_index] = directed influence from source to target"
207,207,row_target_and_column_source,"G[target_index, source_index] = directed influence from source to target"
208,208,row_target_and_column_source,"G[target_index, source_index] = directed influence from source to target"
209,209,row_target_and_column_source,"G[target_index, source_index] = directed influence from source to target"
210,210,row_target_and_column_source,"G[target_index, source_index] = directed influence from source to target"
211,211,row_target_and_column_source,"G[target_index, source_index] = directed influence from source to target"
212,212,row_target_and_column_source,"G[target_index, source_index] = directed influence from source to target"
213,213,row_target_and_column_source,"G[target_index, source_index] = directed influence from source to target"
214,214,row_target_and_column_source,"G[target_index, source_index] = directed influence from source to target"
215,215,row_target_and_column_source,"G[target_index, source_index] = directed influence from source to target"
216,216,row_target_and_column_source,"G[target_index, source_index] = directed influence from source to target"
217,217,row_target_and_column_source,"G[target_index, source_index] = directed influence from source to target"
218,218,row_target_and_column_source,"G[target_index, source_index] = directed influence from source to target"
219,219,row_target_and_column_source,"G[target_index, source_index] = directed influence from source to target"
220,220,row_target_and_column_source,"G[target_index, source_index] = directed influence from source to target"
221,221,row_target_and_column_source,"G[target_index, source_index] = directed influence from source to target"
222,222,row_target_and_column_source,"G[target_index, source_index] = directed influence from source to target"
223,223,row_target_and_column_source,"G[target_index, source_index] = directed influence from source to target"
224,224,row_target_and_column_source,"G[target_index, source_index] = directed influence from source to target"
225,225,row_target_and_column_source,"G[target_index, source_index] = directed influence from source to target"
226,226,row_target_and_column_source,"G[target_index, source_index] = directed influence from source to target"
227,227,row_target_and_column_source,"G[target_index, source_index] = directed influence from source to target"
228,228,row_target_and_column_source,"G[target_index, source_index] = directed influence from source to target"
229,229,row_target_and_column_source,"G[target_index, source_index] = directed influence from source to target"
230,230,row_target_and_column_source,"G[target_index, source_index] = directed influence from source to target"
231,231,row_target_and_column_source,"G[target_index, source_index] = directed influence from source to target"
232,232,row_target_and_column_source,"G[target_index, source_index] = directed influence from source to target"
233,233,row_target_and_column_source,"G[target_index, source_index] = directed influence from source to target"
234,234,row_target_and_column_source,"G[target_index, source_index] = directed influence from source to target"
235,235,row_target_and_column_source,"G[target_index, source_index] = directed influence from source to target"
236,236,row_target_and_column_source,"G[target_index, source_index] = directed influence from source to target"
237,237,row_target_and_column_source,"G[target_index, source_index] = directed influence from source to target"
238,238,row_target_and_column_source,"G[target_index, source_index] = directed influence from source to target"
239,239,row_target_and_column_source,"G[target_index, source_index] = directed influence from source to target"
240,240,row_target_and_column_source,"G[target_index, source_index] = directed influence from source to target"
241,241,row_target_and_column_source,"G[target_index, source_index] = directed influence from source to target"
242,242,row_target_and_column_source,"G[target_index, source_index] = directed influence from source to target"
243,243,row_target_and_column_source,"G[target_index, source_index] = directed influence from source to target"
244,244,row_target_and_column_source,"G[target_index, source_index] = directed influence from source to target"
245,245,row_target_and_column_source,"G[target_index, source_index] = directed influence from source to target"
246,246,row_target_and_column_source,"G[target_index, source_index] = directed influence from source to target"
247,247,row_target_and_column_source,"G[target_index, source_index] = directed influence from source to target"
248,248,row_target_and_column_source,"G[target_index, source_index] = directed influence from source to target"
249,249,row_target_and_column_source,"G[target_index, source_index] = directed influence from source to target"
250,250,row_target_and_column_source,"G[target_index, source_index] = directed influence from source to target"
251,251,row_target_and_column_source,"G[target_index, source_index] = directed influence from source to target"
252,252,row_target_and_column_source,"G[target_index, source_index] = directed influence from source to target"
253,253,row_target_and_column_source,"G[target_index, source_index] = directed influence from source to target"
254,254,row_target_and_column_source,"G[target_index, source_index] = directed influence from source to target"
255,255,row_target_and_column_source,"G[target_index, source_index] = directed influence from source to target"
256,256,row_target_and_column_source,"G[target_index, source_index] = directed influence from source to target"
257,257,row_target_and_column_source,"G[target_index, source_index] = directed influence from source to target"
258,258,row_target_and_column_source,"G[target_index, source_index] = directed influence from source to target"
259,259,row_target_and_column_source,"G[target_index, source_index] = directed influence from source to target"
260,260,row_target_and_column_source,"G[target_index, source_index] = directed influence from source to target"
261,261,row_target_and_column_source,"G[target_index, source_index] = directed influence from source to target"
262,262,row_target_and_column_source,"G[target_index, source_index] = directed influence from source to target"
263,263,row_target_and_column_source,"G[target_index, source_index] = directed influence from source to target"
264,264,row_target_and_column_source,"G[target_index, source_index] = directed influence from source to target"
265,265,row_target_and_column_source,"G[target_index, source_index] = directed influence from source to target"
266,266,row_target_and_column_source,"G[target_index, source_index] = directed influence from source to target"
267,267,row_target_and_column_source,"G[target_index, source_index] = directed influence from source to target"
268,268,row_target_and_column_source,"G[target_index, source_index] = directed influence from source to target"
269,269,row_target_and_column_source,"G[target_index, source_index] = directed influence from source to target"
270,270,row_target_and_column_source,"G[target_index, source_index] = directed influence from source to target"
271,271,row_target_and_column_source,"G[target_index, source_index] = directed influence from source to target"
272,272,row_target_and_column_source,"G[target_index, source_index] = directed influence from source to target"
273,273,row_target_and_column_source,"G[target_index, source_index] = directed influence from source to target"
274,274,row_target_and_column_source,"G[target_index, source_index] = directed influence from source to target"
275,275,row_target_and_column_source,"G[target_index, source_index] = directed influence from source to target"
276,276,row_target_and_column_source,"G[target_index, source_index] = directed influence from source to target"
277,277,row_target_and_column_source,"G[target_index, source_index] = directed influence from source to target"
278,278,row_target_and_column_source,"G[target_index, source_index] = directed influence from source to target"
279,279,row_target_and_column_source,"G[target_index, source_index] = directed influence from source to target"
280,280,row_target_and_column_source,"G[target_index, source_index] = directed influence from source to target"
281,281,row_target_and_column_source,"G[target_index, source_index] = directed influence from source to target"
282,282,row_target_and_column_source,"G[target_index, source_index] = directed influence from source to target"
283,283,row_target_and_column_source,"G[target_index, source_index] = directed influence from source to target"
284,284,row_target_and_column_source,"G[target_index, source_index] = directed influence from source to target"
285,285,row_target_and_column_source,"G[target_index, source_index] = directed influence from source to target"
286,286,row_target_and_column_source,"G[target_index, source_index] = directed influence from source to target"
287,287,row_target_and_column_source,"G[target_index, source_index] = directed influence from source to target"
288,288,row_target_and_column_source,"G[target_index, source_index] = directed influence from source to target"
289,289,row_target_and_column_source,"G[target_index, source_index] = directed influence from source to target"
290,290,row_target_and_column_source,"G[target_index, source_index] = directed influence from source to target"
291,291,row_target_and_column_source,"G[target_index, source_index] = directed influence from source to target"
292,292,row_target_and_column_source,"G[target_index, source_index] = directed influence from source to target"
293,293,row_target_and_column_source,"G[target_index, source_index] = directed influence from source to target"
294,294,row_target_and_column_source,"G[target_index, source_index] = directed influence from source to target"
295,295,row_target_and_column_source,"G[target_index, source_index] = directed influence from source to target"
296,296,row_target_and_column_source,"G[target_index, source_index] = directed influence from source to target"
297,297,row_target_and_column_source,"G[target_index, source_index] = directed influence from source to target"
298,298,row_target_and_column_source,"G[target_index, source_index] = directed influence from source to target"
299,299,row_target_and_column_source,"G[target_index, source_index] = directed influence from source to target"
300,300,row_target_and_column_source,"G[target_index, source_index] = directed influence from source to target"
301,301,row_target_and_column_source,"G[target_index, source_index] = directed influence from source to target"
302,302,row_target_and_column_source,"G[target_index, source_index] = directed influence from source to target"
303,303,row_target_and_column_source,"G[target_index, source_index] = directed influence from source to target"
304,304,row_target_and_column_source,"G[target_index, source_index] = directed influence from source to target"
305,305,row_target_and_column_source,"G[target_index, source_index] = directed influence from source to target"
306,306,row_target_and_column_source,"G[target_index, source_index] = directed influence from source to target"
307,307,row_target_and_column_source,"G[target_index, source_index] = directed influence from source to target"
308,308,row_target_and_column_source,"G[target_index, source_index] = directed influence from source to target"
309,309,row_target_and_column_source,"G[target_index, source_index] = directed influence from source to target"
310,310,row_target_and_column_source,"G[target_index, source_index] = directed influence from source to target"
311,311,row_target_and_column_source,"G[target_index, source_index] = directed influence from source to target"
312,312,row_target_and_column_source,"G[target_index, source_index] = directed influence from source to target"
313,313,row_target_and_column_source,"G[target_index, source_index] = directed influence from source to target"
314,314,row_target_and_column_source,"G[target_index, source_index] = directed influence from source to target"
315,315,row_target_and_column_source,"G[target_index, source_index] = directed influence from source to target"
316,316,row_target_and_column_source,"G[target_index, source_index] = directed influence from source to target"
317,317,row_target_and_column_source,"G[target_index, source_index] = directed influence from source to target"
318,318,row_target_and_column_source,"G[target_index, source_index] = directed influence from source to target"
319,319,row_target_and_column_source,"G[target_index, source_index] = directed influence from source to target"
320,320,row_target_and_column_source,"G[target_index, source_index] = directed influence from source to target"
321,321,row_target_and_column_source,"G[target_index, source_index] = directed influence from source to target"
322,322,row_target_and_column_source,"G[target_index, source_index] = directed influence from source to target"
323,323,row_target_and_column_source,"G[target_index, source_index] = directed influence from source to target"
324,324,row_target_and_column_source,"G[target_index, source_index] = directed influence from source to target"
325,325,row_target_and_column_source,"G[target_index, source_index] = directed influence from source to target"
326,326,row_target_and_column_source,"G[target_index, source_index] = directed influence from source to target"
327,327,row_target_and_column_source,"G[target_index, source_index] = directed influence from source to target"
328,328,row_target_and_column_source,"G[target_index, source_index] = directed influence from source to target"
329,329,row_target_and_column_source,"G[target_index, source_index] = directed influence from source to target"
330,330,row_target_and_column_source,"G[target_index, source_index] = directed influence from source to target"
331,331,row_target_and_column_source,"G[target_index, source_index] = directed influence from source to target"
332,332,row_target_and_column_source,"G[target_index, source_index] = directed influence from source to target"
333,333,row_target_and_column_source,"G[target_index, source_index] = directed influence from source to target"
334,334,row_target_and_column_source,"G[target_index, source_index] = directed influence from source to target"
335,335,row_target_and_column_source,"G[target_index, source_index] = directed influence from source to target"
336,336,row_target_and_column_source,"G[target_index, source_index] = directed influence from source to target"
337,337,row_target_and_column_source,"G[target_index, source_index] = directed influence from source to target"
338,338,row_target_and_column_source,"G[target_index, source_index] = directed influence from source to target"
339,339,row_target_and_column_source,"G[target_index, source_index] = directed influence from source to target"
340,340,row_target_and_column_source,"G[target_index, source_index] = directed influence from source to target"
341,341,row_target_and_column_source,"G[target_index, source_index] = directed influence from source to target"
342,342,row_target_and_column_source,"G[target_index, source_index] = directed influence from source to target"
343,343,row_target_and_column_source,"G[target_index, source_index] = directed influence from source to target"
344,344,row_target_and_column_source,"G[target_index, source_index] = directed influence from source to target"
345,345,row_target_and_column_source,"G[target_index, source_index] = directed influence from source to target"
346,346,row_target_and_column_source,"G[target_index, source_index] = directed influence from source to target"
347,347,row_target_and_column_source,"G[target_index, source_index] = directed influence from source to target"
348,348,row_target_and_column_source,"G[target_index, source_index] = directed influence from source to target"
349,349,row_target_and_column_source,"G[target_index, source_index] = directed influence from source to target"
350,350,row_target_and_column_source,"G[target_index, source_index] = directed influence from source to target"
351,351,row_target_and_column_source,"G[target_index, source_index] = directed influence from source to target"
352,352,row_target_and_column_source,"G[target_index, source_index] = directed influence from source to target"
353,353,row_target_and_column_source,"G[target_index, source_index] = directed influence from source to target"
354,354,row_target_and_column_source,"G[target_index, source_index] = directed influence from source to target"
355,355,row_target_and_column_source,"G[target_index, source_index] = directed influence from source to target"
356,356,row_target_and_column_source,"G[target_index, source_index] = directed influence from source to target"
357,357,row_target_and_column_source,"G[target_index, source_index] = directed influence from source to target"
358,358,row_target_and_column_source,"G[target_index, source_index] = directed influence from source to target"
359,359,row_target_and_column_source,"G[target_index, source_index] = directed influence from source to target"
360,360,row_target_and_column_source,"G[target_index, source_index] = directed influence from source to target"
361,361,row_target_and_column_source,"G[target_index, source_index] = directed influence from source to target"
362,362,row_target_and_column_source,"G[target_index, source_index] = directed influence from source to target"
363,363,row_target_and_column_source,"G[target_index, source_index] = directed influence from source to target"
364,364,row_target_and_column_source,"G[target_index, source_index] = directed influence from source to target"
365,365,row_target_and_column_source,"G[target_index, source_index] = directed influence from source to target"
366,366,row_target_and_column_source,"G[target_index, source_index] = directed influence from source to target"
367,367,row_target_and_column_source,"G[target_index, source_index] = directed influence from source to target"
368,368,row_target_and_column_source,"G[target_index, source_index] = directed influence from source to target"
369,369,row_target_and_column_source,"G[target_index, source_index] = directed influence from source to target"
370,370,row_target_and_column_source,"G[target_index, source_index] = directed influence from source to target"
371,371,row_target_and_column_source,"G[target_index, source_index] = directed influence from source to target"
372,372,row_target_and_column_source,"G[target_index, source_index] = directed influence from source to target"
373,373,row_target_and_column_source,"G[target_index, source_index] = directed influence from source to target"
374,374,row_target_and_column_source,"G[target_index, source_index] = directed influence from source to target"
375,375,row_target_and_column_source,"G[target_index, source_index] = directed influence from source to target"
376,376,row_target_and_column_source,"G[target_index, source_index] = directed influence from source to target"
377,377,row_target_and_column_source,"G[target_index, source_index] = directed influence from source to target"
378,378,row_target_and_column_source,"G[target_index, source_index] = directed influence from source to target"
379,379,row_target_and_column_source,"G[target_index, source_index] = directed influence from source to target"
380,380,row_target_and_column_source,"G[target_index, source_index] = directed influence from source to target"
381,381,row_target_and_column_source,"G[target_index, source_index] = directed influence from source to target"
382,382,row_target_and_column_source,"G[target_index, source_index] = directed influence from source to target"
383,383,row_target_and_column_source,"G[target_index, source_index] = directed influence from source to target"
384,384,row_target_and_column_source,"G[target_index, source_index] = directed influence from source to target"
385,385,row_target_and_column_source,"G[target_index, source_index] = directed influence from source to target"
386,386,row_target_and_column_source,"G[target_index, source_index] = directed influence from source to target"
387,387,row_target_and_column_source,"G[target_index, source_index] = directed influence from source to target"
388,388,row_target_and_column_source,"G[target_index, source_index] = directed influence from source to target"
389,389,row_target_and_column_source,"G[target_index, source_index] = directed influence from source to target"
390,390,row_target_and_column_source,"G[target_index, source_index] = directed influence from source to target"
391,391,row_target_and_column_source,"G[target_index, source_index] = directed influence from source to target"
392,392,row_target_and_column_source,"G[target_index, source_index] = directed influence from source to target"
393,393,row_target_and_column_source,"G[target_index, source_index] = directed influence from source to target"
394,394,row_target_and_column_source,"G[target_index, source_index] = directed influence from source to target"
395,395,row_target_and_column_source,"G[target_index, source_index] = directed influence from source to target"
396,396,row_target_and_column_source,"G[target_index, source_index] = directed influence from source to target"
397,397,row_target_and_column_source,"G[target_index, source_index] = directed influence from source to target"
398,398,row_target_and_column_source,"G[target_index, source_index] = directed influence from source to target"
399,399,row_target_and_column_source,"G[target_index, source_index] = directed influence from source to target"
400,400,row_target_and_column_source,"G[target_index, source_index] = directed influence from source to target"
401,401,row_target_and_column_source,"G[target_index, source_index] = directed influence from source to target"
402,402,row_target_and_column_source,"G[target_index, source_index] = directed influence from source to target"
403,403,row_target_and_column_source,"G[target_index, source_index] = directed influence from source to target"
404,404,row_target_and_column_source,"G[target_index, source_index] = directed influence from source to target"
405,405,row_target_and_column_source,"G[target_index, source_index] = directed influence from source to target"
406,406,row_target_and_column_source,"G[target_index, source_index] = directed influence from source to target"
407,407,row_target_and_column_source,"G[target_index, source_index] = directed influence from source to target"
408,408,row_target_and_column_source,"G[target_index, source_index] = directed influence from source to target"
409,409,row_target_and_column_source,"G[target_index, source_index] = directed influence from source to target"
410,410,row_target_and_column_source,"G[target_index, source_index] = directed influence from source to target"
411,411,row_target_and_column_source,"G[target_index, source_index] = directed influence from source to target"
412,412,row_target_and_column_source,"G[target_index, source_index] = directed influence from source to target"
413,413,row_target_and_column_source,"G[target_index, source_index] = directed influence from source to target"
414,414,row_target_and_column_source,"G[target_index, source_index] = directed influence from source to target"
415,415,row_target_and_column_source,"G[target_index, source_index] = directed influence from source to target"
416,416,row_target_and_column_source,"G[target_index, source_index] = directed influence from source to target"
417,417,row_target_and_column_source,"G[target_index, source_index] = directed influence from source to target"
418,418,row_target_and_column_source,"G[target_index, source_index] = directed influence from source to target"
419,419,row_target_and_column_source,"G[target_index, source_index] = directed influence from source to target"
420,420,row_target_and_column_source,"G[target_index, source_index] = directed influence from source to target"
421,421,row_target_and_column_source,"G[target_index, source_index] = directed influence from source to target"
422,422,row_target_and_column_source,"G[target_index, source_index] = directed influence from source to target"
423,423,row_target_and_column_source,"G[target_index, source_index] = directed influence from source to target"
424,424,row_target_and_column_source,"G[target_index, source_index] = directed influence from source to target"
425,425,row_target_and_column_source,"G[target_index, source_index] = directed influence from source to target"
426,426,row_target_and_column_source,"G[target_index, source_index] = directed influence from source to target"
427,427,row_target_and_column_source,"G[target_index, source_index] = directed influence from source to target"
428,428,row_target_and_column_source,"G[target_index, source_index] = directed influence from source to target"
429,429,row_target_and_column_source,"G[target_index, source_index] = directed influence from source to target"
430,430,row_target_and_column_source,"G[target_index, source_index] = directed influence from source to target"
431,431,row_target_and_column_source,"G[target_index, source_index] = directed influence from source to target"
432,432,row_target_and_column_source,"G[target_index, source_index] = directed influence from source to target"
433,433,row_target_and_column_source,"G[target_index, source_index] = directed influence from source to target"
434,434,row_target_and_column_source,"G[target_index, source_index] = directed influence from source to target"
435,435,row_target_and_column_source,"G[target_index, source_index] = directed influence from source to target"
436,436,row_target_and_column_source,"G[target_index, source_index] = directed influence from source to target"
437,437,row_target_and_column_source,"G[target_index, source_index] = directed influence from source to target"
438,438,row_target_and_column_source,"G[target_index, source_index] = directed influence from source to target"
439,439,row_target_and_column_source,"G[target_index, source_index] = directed influence from source to target"
440,440,row_target_and_column_source,"G[target_index, source_index] = directed influence from source to target"
441,441,row_target_and_column_source,"G[target_index, source_index] = directed influence from source to target"
442,442,row_target_and_column_source,"G[target_index, source_index] = directed influence from source to target"
443,443,row_target_and_column_source,"G[target_index, source_index] = directed influence from source to target"
444,444,row_target_and_column_source,"G[target_index, source_index] = directed influence from source to target"
445,445,row_target_and_column_source,"G[target_index, source_index] = directed influence from source to target"
446,446,row_target_and_column_source,"G[target_index, source_index] = directed influence from source to target"
447,447,row_target_and_column_source,"G[target_index, source_index] = directed influence from source to target"
448,448,row_target_and_column_source,"G[target_index, source_index] = directed influence from source to target"
449,449,row_target_and_column_source,"G[target_index, source_index] = directed influence from source to target"
450,450,row_target_and_column_source,"G[target_index, source_index] = directed influence from source to target"
451,451,row_target_and_column_source,"G[target_index, source_index] = directed influence from source to target"
452,452,row_target_and_column_source,"G[target_index, source_index] = directed influence from source to target"
453,453,row_target_and_column_source,"G[target_index, source_index] = directed influence from source to target"
454,454,row_target_and_column_source,"G[target_index, source_index] = directed influence from source to target"
455,455,row_target_and_column_source,"G[target_index, source_index] = directed influence from source to target"
456,456,row_target_and_column_source,"G[target_index, source_index] = directed influence from source to target"
457,457,row_target_and_column_source,"G[target_index, source_index] = directed influence from source to target"
458,458,row_target_and_column_source,"G[target_index, source_index] = directed influence from source to target"
459,459,row_target_and_column_source,"G[target_index, source_index] = directed influence from source to target"
460,460,row_target_and_column_source,"G[target_index, source_index] = directed influence from source to target"
461,461,row_target_and_column_source,"G[target_index, source_index] = directed influence from source to target"
462,462,row_target_and_column_source,"G[target_index, source_index] = directed influence from source to target"
463,463,row_target_and_column_source,"G[target_index, source_index] = directed influence from source to target"
464,464,row_target_and_column_source,"G[target_index, source_index] = directed influence from source to target"
465,465,row_target_and_column_source,"G[target_index, source_index] = directed influence from source to target"
466,466,row_target_and_column_source,"G[target_index, source_index] = directed influence from source to target"
467,467,row_target_and_column_source,"G[target_index, source_index] = directed influence from source to target"
468,468,row_target_and_column_source,"G[target_index, source_index] = directed influence from source to target"
469,469,row_target_and_column_source,"G[target_index, source_index] = directed influence from source to target"
470,470,row_target_and_column_source,"G[target_index, source_index] = directed influence from source to target"
471,471,row_target_and_column_source,"G[target_index, source_index] = directed influence from source to target"
472,472,row_target_and_column_source,"G[target_index, source_index] = directed influence from source to target"
473,473,row_target_and_column_source,"G[target_index, source_index] = directed influence from source to target"
474,474,row_target_and_column_source,"G[target_index, source_index] = directed influence from source to target"
475,475,row_target_and_column_source,"G[target_index, source_index] = directed influence from source to target"
476,476,row_target_and_column_source,"G[target_index, source_index] = directed influence from source to target"
477,477,row_target_and_column_source,"G[target_index, source_index] = directed influence from source to target"
478,478,row_target_and_column_source,"G[target_index, source_index] = directed influence from source to target"
479,479,row_target_and_column_source,"G[target_index, source_index] = directed influence from source to target"
480,480,row_target_and_column_source,"G[target_index, source_index] = directed influence from source to target"
481,481,row_target_and_column_source,"G[target_index, source_index] = directed influence from source to target"
482,482,row_target_and_column_source,"G[target_index, source_index] = directed influence from source to target"
483,483,row_target_and_column_source,"G[target_index, source_index] = directed influence from source to target"
484,484,row_target_and_column_source,"G[target_index, source_index] = directed influence from source to target"
485,485,row_target_and_column_source,"G[target_index, source_index] = directed influence from source to target"
486,486,row_target_and_column_source,"G[target_index, source_index] = directed influence from source to target"
487,487,row_target_and_column_source,"G[target_index, source_index] = directed influence from source to target"
488,488,row_target_and_column_source,"G[target_index, source_index] = directed influence from source to target"
489,489,row_target_and_column_source,"G[target_index, source_index] = directed influence from source to target"
490,490,row_target_and_column_source,"G[target_index, source_index] = directed influence from source to target"
491,491,row_target_and_column_source,"G[target_index, source_index] = directed influence from source to target"
492,492,row_target_and_column_source,"G[target_index, source_index] = directed influence from source to target"
493,493,row_target_and_column_source,"G[target_index, source_index] = directed influence from source to target"
494,494,row_target_and_column_source,"G[target_index, source_index] = directed influence from source to target"
495,495,row_target_and_column_source,"G[target_index, source_index] = directed influence from source to target"
496,496,row_target_and_column_source,"G[target_index, source_index] = directed influence from source to target"
497,497,row_target_and_column_source,"G[target_index, source_index] = directed influence from source to target"
498,498,row_target_and_column_source,"G[target_index, source_index] = directed influence from source to target"
499,499,row_target_and_column_source,"G[target_index, source_index] = directed influence from source to target"
500,500,row_target_and_column_source,"G[target_index, source_index] = directed influence from source to target"
501,501,row_target_and_column_source,"G[target_index, source_index] = directed influence from source to target"
502,502,row_target_and_column_source,"G[target_index, source_index] = directed influence from source to target"
503,503,row_target_and_column_source,"G[target_index, source_index] = directed influence from source to target"
504,504,row_target_and_column_source,"G[target_index, source_index] = directed influence from source to target"
505,505,row_target_and_column_source,"G[target_index, source_index] = directed influence from source to target"
506,506,row_target_and_column_source,"G[target_index, source_index] = directed influence from source to target"
507,507,row_target_and_column_source,"G[target_index, source_index] = directed influence from source to target"
508,508,row_target_and_column_source,"G[target_index, source_index] = directed influence from source to target"
509,509,row_target_and_column_source,"G[target_index, source_index] = directed influence from source to target"
510,510,row_target_and_column_source,"G[target_index, source_index] = directed influence from source to target"
511,511,row_target_and_column_source,"G[target_index, source_index] = directed influence from source to target"
512,512,row_target_and_column_source,"G[target_index, source_index] = directed influence from source to target"
513,513,row_target_and_column_source,"G[target_index, source_index] = directed influence from source to target"
514,514,row_target_and_column_source,"G[target_index, source_index] = directed influence from source to target"
515,515,row_target_and_column_source,"G[target_index, source_index] = directed influence from source to target"
516,516,row_target_and_column_source,"G[target_index, source_index] = directed influence from source to target"
517,517,row_target_and_column_source,"G[target_index, source_index] = directed influence from source to target"
518,518,row_target_and_column_source,"G[target_index, source_index] = directed influence from source to target"
519,519,row_target_and_column_source,"G[target_index, source_index] = directed influence from source to target"
520,520,row_target_and_column_source,"G[target_index, source_index] = directed influence from source to target"
521,521,row_target_and_column_source,"G[target_index, source_index] = directed influence from source to target"
522,522,row_target_and_column_source,"G[target_index, source_index] = directed influence from source to target"
523,523,row_target_and_column_source,"G[target_index, source_index] = directed influence from source to target"
524,524,row_target_and_column_source,"G[target_index, source_index] = directed influence from source to target"
525,525,row_target_and_column_source,"G[target_index, source_index] = directed influence from source to target"
526,526,row_target_and_column_source,"G[target_index, source_index] = directed influence from source to target"
527,527,row_target_and_column_source,"G[target_index, source_index] = directed influence from source to target"
528,528,row_target_and_column_source,"G[target_index, source_index] = directed influence from source to target"
529,529,row_target_and_column_source,"G[target_index, source_index] = directed influence from source to target"
530,530,row_target_and_column_source,"G[target_index, source_index] = directed influence from source to target"
531,531,row_target_and_column_source,"G[target_index, source_index] = directed influence from source to target"
532,532,row_target_and_column_source,"G[target_index, source_index] = directed influence from source to target"
533,533,row_target_and_column_source,"G[target_index, source_index] = directed influence from source to target"
534,534,row_target_and_column_source,"G[target_index, source_index] = directed influence from source to target"
535,535,row_target_and_column_source,"G[target_index, source_index] = directed influence from source to target"
536,536,row_target_and_column_source,"G[target_index, source_index] = directed influence from source to target"
537,537,row_target_and_column_source,"G[target_index, source_index] = directed influence from source to target"
538,538,row_target_and_column_source,"G[target_index, source_index] = directed influence from source to target"
539,539,row_target_and_column_source,"G[target_index, source_index] = directed influence from source to target"
540,540,row_target_and_column_source,"G[target_index, source_index] = directed influence from source to target"
541,541,row_target_and_column_source,"G[target_index, source_index] = directed influence from source to target"
542,542,row_target_and_column_source,"G[target_index, source_index] = directed influence from source to target"
543,543,row_target_and_column_source,"G[target_index, source_index] = directed influence from source to target"
544,544,row_target_and_column_source,"G[target_index, source_index] = directed influence from source to target"
545,545,row_target_and_column_source,"G[target_index, source_index] = directed influence from source to target"
546,546,row_target_and_column_source,"G[target_index, source_index] = directed influence from source to target"
547,547,row_target_and_column_source,"G[target_index, source_index] = directed influence from source to target"
548,548,row_target_and_column_source,"G[target_index, source_index] = directed influence from source to target"
549,549,row_target_and_column_source,"G[target_index, source_index] = directed influence from source to target"
550,550,row_target_and_column_source,"G[target_index, source_index] = directed influence from source to target"
551,551,row_target_and_column_source,"G[target_index, source_index] = directed influence from source to target"
552,552,row_target_and_column_source,"G[target_index, source_index] = directed influence from source to target"
553,553,row_target_and_column_source,"G[target_index, source_index] = directed influence from source to target"
554,554,row_target_and_column_source,"G[target_index, source_index] = directed influence from source to target"
555,555,row_target_and_column_source,"G[target_index, source_index] = directed influence from source to target"
556,556,row_target_and_column_source,"G[target_index, source_index] = directed influence from source to target"
557,557,row_target_and_column_source,"G[target_index, source_index] = directed influence from source to target"
558,558,row_target_and_column_source,"G[target_index, source_index] = directed influence from source to target"
559,559,row_target_and_column_source,"G[target_index, source_index] = directed influence from source to target"
560,560,row_target_and_column_source,"G[target_index, source_index] = directed influence from source to target"
561,561,row_target_and_column_source,"G[target_index, source_index] = directed influence from source to target"
562,562,row_target_and_column_source,"G[target_index, source_index] = directed influence from source to target"
563,563,row_target_and_column_source,"G[target_index, source_index] = directed influence from source to target"
564,564,row_target_and_column_source,"G[target_index, source_index] = directed influence from source to target"
565,565,row_target_and_column_source,"G[target_index, source_index] = directed influence from source to target"
566,566,row_target_and_column_source,"G[target_index, source_index] = directed influence from source to target"
567,567,row_target_and_column_source,"G[target_index, source_index] = directed influence from source to target"
568,568,row_target_and_column_source,"G[target_index, source_index] = directed influence from source to target"
569,569,row_target_and_column_source,"G[target_index, source_index] = directed influence from source to target"
570,570,row_target_and_column_source,"G[target_index, source_index] = directed influence from source to target"
571,571,row_target_and_column_source,"G[target_index, source_index] = directed influence from source to target"
572,572,row_target_and_column_source,"G[target_index, source_index] = directed influence from source to target"
573,573,row_target_and_column_source,"G[target_index, source_index] = directed influence from source to target"
574,574,row_target_and_column_source,"G[target_index, source_index] = directed influence from source to target"
575,575,row_target_and_column_source,"G[target_index, source_index] = directed influence from source to target"
576,576,row_target_and_column_source,"G[target_index, source_index] = directed influence from source to target"
577,577,row_target_and_column_source,"G[target_index, source_index] = directed influence from source to target"
578,578,row_target_and_column_source,"G[target_index, source_index] = directed influence from source to target"
579,579,row_target_and_column_source,"G[target_index, source_index] = directed influence from source to target"
580,580,row_target_and_column_source,"G[target_index, source_index] = directed influence from source to target"
581,581,row_target_and_column_source,"G[target_index, source_index] = directed influence from source to target"
582,582,row_target_and_column_source,"G[target_index, source_index] = directed influence from source to target"
583,583,row_target_and_column_source,"G[target_index, source_index] = directed influence from source to target"
584,584,row_target_and_column_source,"G[target_index, source_index] = directed influence from source to target"
585,585,row_target_and_column_source,"G[target_index, source_index] = directed influence from source to target"
586,586,row_target_and_column_source,"G[target_index, source_index] = directed influence from source to target"
587,587,row_target_and_column_source,"G[target_index, source_index] = directed influence from source to target"
588,588,row_target_and_column_source,"G[target_index, source_index] = directed influence from source to target"
589,589,row_target_and_column_source,"G[target_index, source_index] = directed influence from source to target"
590,590,row_target_and_column_source,"G[target_index, source_index] = directed influence from source to target"
591,591,row_target_and_column_source,"G[target_index, source_index] = directed influence from source to target"
592,592,row_target_and_column_source,"G[target_index, source_index] = directed influence from source to target"
593,593,row_target_and_column_source,"G[target_index, source_index] = directed influence from source to target"
594,594,row_target_and_column_source,"G[target_index, source_index] = directed influence from source to target"
595,595,row_target_and_column_source,"G[target_index, source_index] = directed influence from source to target"
596,596,row_target_and_column_source,"G[target_index, source_index] = directed influence from source to target"
597,597,row_target_and_column_source,"G[target_index, source_index] = directed influence from source to target"
598,598,row_target_and_column_source,"G[target_index, source_index] = directed influence from source to target"
599,599,row_target_and_column_source,"G[target_index, source_index] = directed influence from source to target"
600,600,row_target_and_column_source,"G[target_index, source_index] = directed influence from source to target"
601,601,row_target_and_column_source,"G[target_index, source_index] = directed influence from source to target"
602,602,row_target_and_column_source,"G[target_index, source_index] = directed influence from source to target"
603,603,row_target_and_column_source,"G[target_index, source_index] = directed influence from source to target"
604,604,row_target_and_column_source,"G[target_index, source_index] = directed influence from source to target"
605,605,row_target_and_column_source,"G[target_index, source_index] = directed influence from source to target"
606,606,row_target_and_column_source,"G[target_index, source_index] = directed influence from source to target"
607,607,row_target_and_column_source,"G[target_index, source_index] = directed influence from source to target"
608,608,row_target_and_column_source,"G[target_index, source_index] = directed influence from source to target"
609,609,row_target_and_column_source,"G[target_index, source_index] = directed influence from source to target"
610,610,row_target_and_column_source,"G[target_index, source_index] = directed influence from source to target"
611,611,row_target_and_column_source,"G[target_index, source_index] = directed influence from source to target"
612,612,row_target_and_column_source,"G[target_index, source_index] = directed influence from source to target"
613,613,row_target_and_column_source,"G[target_index, source_index] = directed influence from source to target"
614,614,row_target_and_column_source,"G[target_index, source_index] = directed influence from source to target"
615,615,row_target_and_column_source,"G[target_index, source_index] = directed influence from source to target"
616,616,row_target_and_column_source,"G[target_index, source_index] = directed influence from source to target"
617,617,row_target_and_column_source,"G[target_index, source_index] = directed influence from source to target"
618,618,row_target_and_column_source,"G[target_index, source_index] = directed influence from source to target"
619,619,row_target_and_column_source,"G[target_index, source_index] = directed influence from source to target"
620,620,row_target_and_column_source,"G[target_index, source_index] = directed influence from source to target"
621,621,row_target_and_column_source,"G[target_index, source_index] = directed influence from source to target"
622,622,row_target_and_column_source,"G[target_index, source_index] = directed influence from source to target"
623,623,row_target_and_column_source,"G[target_index, source_index] = directed influence from source to target"
624,624,row_target_and_column_source,"G[target_index, source_index] = directed influence from source to target"
625,625,row_target_and_column_source,"G[target_index, source_index] = directed influence from source to target"
626,626,row_target_and_column_source,"G[target_index, source_index] = directed influence from source to target"
627,627,row_target_and_column_source,"G[target_index, source_index] = directed influence from source to target"
628,628,row_target_and_column_source,"G[target_index, source_index] = directed influence from source to target"
629,629,row_target_and_column_source,"G[target_index, source_index] = directed influence from source to target"
630,630,row_target_and_column_source,"G[target_index, source_index] = directed influence from source to target"
631,631,row_target_and_column_source,"G[target_index, source_index] = directed influence from source to target"
632,632,row_target_and_column_source,"G[target_index, source_index] = directed influence from source to target"
633,633,row_target_and_column_source,"G[target_index, source_index] = directed influence from source to target"
634,634,row_target_and_column_source,"G[target_index, source_index] = directed influence from source to target"
635,635,row_target_and_column_source,"G[target_index, source_index] = directed influence from source to target"
636,636,row_target_and_column_source,"G[target_index, source_index] = directed influence from source to target"
637,637,row_target_and_column_source,"G[target_index, source_index] = directed influence from source to target"
638,638,row_target_and_column_source,"G[target_index, source_index] = directed influence from source to target"
639,639,row_target_and_column_source,"G[target_index, source_index] = directed influence from source to target"
640,640,row_target_and_column_source,"G[target_index, source_index] = directed influence from source to target"
641,641,row_target_and_column_source,"G[target_index, source_index] = directed influence from source to target"
642,642,row_target_and_column_source,"G[target_index, source_index] = directed influence from source to target"
643,643,row_target_and_column_source,"G[target_index, source_index] = directed influence from source to target"
644,644,row_target_and_column_source,"G[target_index, source_index] = directed influence from source to target"
645,645,row_target_and_column_source,"G[target_index, source_index] = directed influence from source to target"
646,646,row_target_and_column_source,"G[target_index, source_index] = directed influence from source to target"
647,647,row_target_and_column_source,"G[target_index, source_index] = directed influence from source to target"
648,648,row_target_and_column_source,"G[target_index, source_index] = directed influence from source to target"
649,649,row_target_and_column_source,"G[target_index, source_index] = directed influence from source to target"
650,650,row_target_and_column_source,"G[target_index, source_index] = directed influence from source to target"
651,651,row_target_and_column_source,"G[target_index, source_index] = directed influence from source to target"
652,652,row_target_and_column_source,"G[target_index, source_index] = directed influence from source to target"
653,653,row_target_and_column_source,"G[target_index, source_index] = directed influence from source to target"
654,654,row_target_and_column_source,"G[target_index, source_index] = directed influence from source to target"
655,655,row_target_and_column_source,"G[target_index, source_index] = directed influence from source to target"
656,656,row_target_and_column_source,"G[target_index, source_index] = directed influence from source to target"
657,657,row_target_and_column_source,"G[target_index, source_index] = directed influence from source to target"
658,658,row_target_and_column_source,"G[target_index, source_index] = directed influence from source to target"
659,659,row_target_and_column_source,"G[target_index, source_index] = directed influence from source to target"
660,660,row_target_and_column_source,"G[target_index, source_index] = directed influence from source to target"
661,661,row_target_and_column_source,"G[target_index, source_index] = directed influence from source to target"
662,662,row_target_and_column_source,"G[target_index, source_index] = directed influence from source to target"
663,663,row_target_and_column_source,"G[target_index, source_index] = directed influence from source to target"
664,664,row_target_and_column_source,"G[target_index, source_index] = directed influence from source to target"
665,665,row_target_and_column_source,"G[target_index, source_index] = directed influence from source to target"
666,666,row_target_and_column_source,"G[target_index, source_index] = directed influence from source to target"
667,667,row_target_and_column_source,"G[target_index, source_index] = directed influence from source to target"
668,668,row_target_and_column_source,"G[target_index, source_index] = directed influence from source to target"
669,669,row_target_and_column_source,"G[target_index, source_index] = directed influence from source to target"
670,670,row_target_and_column_source,"G[target_index, source_index] = directed influence from source to target"
671,671,row_target_and_column_source,"G[target_index, source_index] = directed influence from source to target"
672,672,row_target_and_column_source,"G[target_index, source_index] = directed influence from source to target"
673,673,row_target_and_column_source,"G[target_index, source_index] = directed influence from source to target"
674,674,row_target_and_column_source,"G[target_index, source_index] = directed influence from source to target"
675,675,row_target_and_column_source,"G[target_index, source_index] = directed influence from source to target"
676,676,row_target_and_column_source,"G[target_index, source_index] = directed influence from source to target"
677,677,row_target_and_column_source,"G[target_index, source_index] = directed influence from source to target"
678,678,row_target_and_column_source,"G[target_index, source_index] = directed influence from source to target"
679,679,row_target_and_column_source,"G[target_index, source_index] = directed influence from source to target"
680,680,row_target_and_column_source,"G[target_index, source_index] = directed influence from source to target"
681,681,row_target_and_column_source,"G[target_index, source_index] = directed influence from source to target"
682,682,row_target_and_column_source,"G[target_index, source_index] = directed influence from source to target"
683,683,row_target_and_column_source,"G[target_index, source_index] = directed influence from source to target"
684,684,row_target_and_column_source,"G[target_index, source_index] = directed influence from source to target"
685,685,row_target_and_column_source,"G[target_index, source_index] = directed influence from source to target"
686,686,row_target_and_column_source,"G[target_index, source_index] = directed influence from source to target"
687,687,row_target_and_column_source,"G[target_index, source_index] = directed influence from source to target"
688,688,row_target_and_column_source,"G[target_index, source_index] = directed influence from source to target"
689,689,row_target_and_column_source,"G[target_index, source_index] = directed influence from source to target"
690,690,row_target_and_column_source,"G[target_index, source_index] = directed influence from source to target"
691,691,row_target_and_column_source,"G[target_index, source_index] = directed influence from source to target"
692,692,row_target_and_column_source,"G[target_index, source_index] = directed influence from source to target"
693,693,row_target_and_column_source,"G[target_index, source_index] = directed influence from source to target"
694,694,row_target_and_column_source,"G[target_index, source_index] = directed influence from source to target"
695,695,row_target_and_column_source,"G[target_index, source_index] = directed influence from source to target"
696,696,row_target_and_column_source,"G[target_index, source_index] = directed influence from source to target"
697,697,row_target_and_column_source,"G[target_index, source_index] = directed influence from source to target"
698,698,row_target_and_column_source,"G[target_index, source_index] = directed influence from source to target"
699,699,row_target_and_column_source,"G[target_index, source_index] = directed influence from source to target"
700,700,row_target_and_column_source,"G[target_index, source_index] = directed influence from source to target"
701,701,row_target_and_column_source,"G[target_index, source_index] = directed influence from source to target"
702,702,row_target_and_column_source,"G[target_index, source_index] = directed influence from source to target"
703,703,row_target_and_column_source,"G[target_index, source_index] = directed influence from source to target"
704,704,row_target_and_column_source,"G[target_index, source_index] = directed influence from source to target"
705,705,row_target_and_column_source,"G[target_index, source_index] = directed influence from source to target"
706,706,row_target_and_column_source,"G[target_index, source_index] = directed influence from source to target"
707,707,row_target_and_column_source,"G[target_index, source_index] = directed influence from source to target"
708,708,row_target_and_column_source,"G[target_index, source_index] = directed influence from source to target"
709,709,row_target_and_column_source,"G[target_index, source_index] = directed influence from source to target"
710,710,row_target_and_column_source,"G[target_index, source_index] = directed influence from source to target"
711,711,row_target_and_column_source,"G[target_index, source_index] = directed influence from source to target"
712,712,row_target_and_column_source,"G[target_index, source_index] = directed influence from source to target"
713,713,row_target_and_column_source,"G[target_index, source_index] = directed influence from source to target"
714,714,row_target_and_column_source,"G[target_index, source_index] = directed influence from source to target"
715,715,row_target_and_column_source,"G[target_index, source_index] = directed influence from source to target"
716,716,row_target_and_column_source,"G[target_index, source_index] = directed influence from source to target"
717,717,row_target_and_column_source,"G[target_index, source_index] = directed influence from source to target"
718,718,row_target_and_column_source,"G[target_index, source_index] = directed influence from source to target"
719,719,row_target_and_column_source,"G[target_index, source_index] = directed influence from source to target"
720,720,row_target_and_column_source,"G[target_index, source_index] = directed influence from source to target"
721,721,row_target_and_column_source,"G[target_index, source_index] = directed influence from source to target"
722,722,row_target_and_column_source,"G[target_index, source_index] = directed influence from source to target"
723,723,row_target_and_column_source,"G[target_index, source_index] = directed influence from source to target"
724,724,row_target_and_column_source,"G[target_index, source_index] = directed influence from source to target"
725,725,row_target_and_column_source,"G[target_index, source_index] = directed influence from source to target"
726,726,row_target_and_column_source,"G[target_index, source_index] = directed influence from source to target"
727,727,row_target_and_column_source,"G[target_index, source_index] = directed influence from source to target"
728,728,row_target_and_column_source,"G[target_index, source_index] = directed influence from source to target"
729,729,row_target_and_column_source,"G[target_index, source_index] = directed influence from source to target"
730,730,row_target_and_column_source,"G[target_index, source_index] = directed influence from source to target"
731,731,row_target_and_column_source,"G[target_index, source_index] = directed influence from source to target"
732,732,row_target_and_column_source,"G[target_index, source_index] = directed influence from source to target"
733,733,row_target_and_column_source,"G[target_index, source_index] = directed influence from source to target"
734,734,row_target_and_column_source,"G[target_index, source_index] = directed influence from source to target"
735,735,row_target_and_column_source,"G[target_index, source_index] = directed influence from source to target"
736,736,row_target_and_column_source,"G[target_index, source_index] = directed influence from source to target"
737,737,row_target_and_column_source,"G[target_index, source_index] = directed influence from source to target"
738,738,row_target_and_column_source,"G[target_index, source_index] = directed influence from source to target"
739,739,row_target_and_column_source,"G[target_index, source_index] = directed influence from source to target"
740,740,row_target_and_column_source,"G[target_index, source_index] = directed influence from source to target"
741,741,row_target_and_column_source,"G[target_index, source_index] = directed influence from source to target"
742,742,row_target_and_column_source,"G[target_index, source_index] = directed influence from source to target"
743,743,row_target_and_column_source,"G[target_index, source_index] = directed influence from source to target"
744,744,row_target_and_column_source,"G[target_index, source_index] = directed influence from source to target"
745,745,row_target_and_column_source,"G[target_index, source_index] = directed influence from source to target"
746,746,row_target_and_column_source,"G[target_index, source_index] = directed influence from source to target"
747,747,row_target_and_column_source,"G[target_index, source_index] = directed influence from source to target"
748,748,row_target_and_column_source,"G[target_index, source_index] = directed influence from source to target"
749,749,row_target_and_column_source,"G[target_index, source_index] = directed influence from source to target"
750,750,row_target_and_column_source,"G[target_index, source_index] = directed influence from source to target"
751,751,row_target_and_column_source,"G[target_index, source_index] = directed influence from source to target"
752,752,row_target_and_column_source,"G[target_index, source_index] = directed influence from source to target"
753,753,row_target_and_column_source,"G[target_index, source_index] = directed influence from source to target"
754,754,row_target_and_column_source,"G[target_index, source_index] = directed influence from source to target"
755,755,row_target_and_column_source,"G[target_index, source_index] = directed influence from source to target"
756,756,row_target_and_column_source,"G[target_index, source_index] = directed influence from source to target"
757,757,row_target_and_column_source,"G[target_index, source_index] = directed influence from source to target"
758,758,row_target_and_column_source,"G[target_index, source_index] = directed influence from source to target"
759,759,row_target_and_column_source,"G[target_index, source_index] = directed influence from source to target"
760,760,row_target_and_column_source,"G[target_index, source_index] = directed influence from source to target"
761,761,row_target_and_column_source,"G[target_index, source_index] = directed influence from source to target"
762,762,row_target_and_column_source,"G[target_index, source_index] = directed influence from source to target"
763,763,row_target_and_column_source,"G[target_index, source_index] = directed influence from source to target"
764,764,row_target_and_column_source,"G[target_index, source_index] = directed influence from source to target"
765,765,row_target_and_column_source,"G[target_index, source_index] = directed influence from source to target"
766,766,row_target_and_column_source,"G[target_index, source_index] = directed influence from source to target"
767,767,row_target_and_column_source,"G[target_index, source_index] = directed influence from source to target"
768,768,row_target_and_column_source,"G[target_index, source_index] = directed influence from source to target"
769,769,row_target_and_column_source,"G[target_index, source_index] = directed influence from source to target"
770,770,row_target_and_column_source,"G[target_index, source_index] = directed influence from source to target"
771,771,row_target_and_column_source,"G[target_index, source_index] = directed influence from source to target"
772,772,row_target_and_column_source,"G[target_index, source_index] = directed influence from source to target"
773,773,row_target_and_column_source,"G[target_index, source_index] = directed influence from source to target"
774,774,row_target_and_column_source,"G[target_index, source_index] = directed influence from source to target"
775,775,row_target_and_column_source,"G[target_index, source_index] = directed influence from source to target"
776,776,row_target_and_column_source,"G[target_index, source_index] = directed influence from source to target"
777,777,row_target_and_column_source,"G[target_index, source_index] = directed influence from source to target"
778,778,row_target_and_column_source,"G[target_index, source_index] = directed influence from source to target"
779,779,row_target_and_column_source,"G[target_index, source_index] = directed influence from source to target"
780,780,row_target_and_column_source,"G[target_index, source_index] = directed influence from source to target"
781,781,row_target_and_column_source,"G[target_index, source_index] = directed influence from source to target"
782,782,row_target_and_column_source,"G[target_index, source_index] = directed influence from source to target"
783,783,row_target_and_column_source,"G[target_index, source_index] = directed influence from source to target"
784,784,row_target_and_column_source,"G[target_index, source_index] = directed influence from source to target"
785,785,row_target_and_column_source,"G[target_index, source_index] = directed influence from source to target"
786,786,row_target_and_column_source,"G[target_index, source_index] = directed influence from source to target"
787,787,row_target_and_column_source,"G[target_index, source_index] = directed influence from source to target"
788,788,row_target_and_column_source,"G[target_index, source_index] = directed influence from source to target"
789,789,row_target_and_column_source,"G[target_index, source_index] = directed influence from source to target"
790,790,row_target_and_column_source,"G[target_index, source_index] = directed influence from source to target"
791,791,row_target_and_column_source,"G[target_index, source_index] = directed influence from source to target"
792,792,row_target_and_column_source,"G[target_index, source_index] = directed influence from source to target"
793,793,row_target_and_column_source,"G[target_index, source_index] = directed influence from source to target"
794,794,row_target_and_column_source,"G[target_index, source_index] = directed influence from source to target"
795,795,row_target_and_column_source,"G[target_index, source_index] = directed influence from source to target"
796,796,row_target_and_column_source,"G[target_index, source_index] = directed influence from source to target"
797,797,row_target_and_column_source,"G[target_index, source_index] = directed influence from source to target"
798,798,row_target_and_column_source,"G[target_index, source_index] = directed influence from source to target"
799,799,row_target_and_column_source,"G[target_index, source_index] = directed influence from source to target"
800,800,row_target_and_column_source,"G[target_index, source_index] = directed influence from source to target"
801,801,row_target_and_column_source,"G[target_index, source_index] = directed influence from source to target"
802,802,row_target_and_column_source,"G[target_index, source_index] = directed influence from source to target"
803,803,row_target_and_column_source,"G[target_index, source_index] = directed influence from source to target"
804,804,row_target_and_column_source,"G[target_index, source_index] = directed influence from source to target"
805,805,row_target_and_column_source,"G[target_index, source_index] = directed influence from source to target"
806,806,row_target_and_column_source,"G[target_index, source_index] = directed influence from source to target"
807,807,row_target_and_column_source,"G[target_index, source_index] = directed influence from source to target"
808,808,row_target_and_column_source,"G[target_index, source_index] = directed influence from source to target"
809,809,row_target_and_column_source,"G[target_index, source_index] = directed influence from source to target"
810,810,row_target_and_column_source,"G[target_index, source_index] = directed influence from source to target"
811,811,row_target_and_column_source,"G[target_index, source_index] = directed influence from source to target"
812,812,row_target_and_column_source,"G[target_index, source_index] = directed influence from source to target"
813,813,row_target_and_column_source,"G[target_index, source_index] = directed influence from source to target"
814,814,row_target_and_column_source,"G[target_index, source_index] = directed influence from source to target"
815,815,row_target_and_column_source,"G[target_index, source_index] = directed influence from source to target"
816,816,row_target_and_column_source,"G[target_index, source_index] = directed influence from source to target"
817,817,row_target_and_column_source,"G[target_index, source_index] = directed influence from source to target"
818,818,row_target_and_column_source,"G[target_index, source_index] = directed influence from source to target"
819,819,row_target_and_column_source,"G[target_index, source_index] = directed influence from source to target"
820,820,row_target_and_column_source,"G[target_index, source_index] = directed influence from source to target"
821,821,row_target_and_column_source,"G[target_index, source_index] = directed influence from source to target"
822,822,row_target_and_column_source,"G[target_index, source_index] = directed influence from source to target"
823,823,row_target_and_column_source,"G[target_index, source_index] = directed influence from source to target"
824,824,row_target_and_column_source,"G[target_index, source_index] = directed influence from source to target"
825,825,row_target_and_column_source,"G[target_index, source_index] = directed influence from source to target"
826,826,row_target_and_column_source,"G[target_index, source_index] = directed influence from source to target"
827,827,row_target_and_column_source,"G[target_index, source_index] = directed influence from source to target"
828,828,row_target_and_column_source,"G[target_index, source_index] = directed influence from source to target"
829,829,row_target_and_column_source,"G[target_index, source_index] = directed influence from source to target"
830,830,row_target_and_column_source,"G[target_index, source_index] = directed influence from source to target"
831,831,row_target_and_column_source,"G[target_index, source_index] = directed influence from source to target"
832,832,row_target_and_column_source,"G[target_index, source_index] = directed influence from source to target"
833,833,row_target_and_column_source,"G[target_index, source_index] = directed influence from source to target"
834,834,row_target_and_column_source,"G[target_index, source_index] = directed influence from source to target"
835,835,row_target_and_column_source,"G[target_index, source_index] = directed influence from source to target"
836,836,row_target_and_column_source,"G[target_index, source_index] = directed influence from source to target"
837,837,row_target_and_column_source,"G[target_index, source_index] = directed influence from source to target"
838,838,row_target_and_column_source,"G[target_index, source_index] = directed influence from source to target"
839,839,row_target_and_column_source,"G[target_index, source_index] = directed influence from source to target"
840,840,row_target_and_column_source,"G[target_index, source_index] = directed influence from source to target"
841,841,row_target_and_column_source,"G[target_index, source_index] = directed influence from source to target"
842,842,row_target_and_column_source,"G[target_index, source_index] = directed influence from source to target"
843,843,row_target_and_column_source,"G[target_index, source_index] = directed influence from source to target"
844,844,row_target_and_column_source,"G[target_index, source_index] = directed influence from source to target"
845,845,row_target_and_column_source,"G[target_index, source_index] = directed influence from source to target"
846,846,row_target_and_column_source,"G[target_index, source_index] = directed influence from source to target"
847,847,row_target_and_column_source,"G[target_index, source_index] = directed influence from source to target"
848,848,row_target_and_column_source,"G[target_index, source_index] = directed influence from source to target"
849,849,row_target_and_column_source,"G[target_index, source_index] = directed influence from source to target"
850,850,row_target_and_column_source,"G[target_index, source_index] = directed influence from source to target"
851,851,row_target_and_column_source,"G[target_index, source_index] = directed influence from source to target"
852,852,row_target_and_column_source,"G[target_index, source_index] = directed influence from source to target"
853,853,row_target_and_column_source,"G[target_index, source_index] = directed influence from source to target"
854,854,row_target_and_column_source,"G[target_index, source_index] = directed influence from source to target"
855,855,row_target_and_column_source,"G[target_index, source_index] = directed influence from source to target"
856,856,row_target_and_column_source,"G[target_index, source_index] = directed influence from source to target"
857,857,row_target_and_column_source,"G[target_index, source_index] = directed influence from source to target"
858,858,row_target_and_column_source,"G[target_index, source_index] = directed influence from source to target"
859,859,row_target_and_column_source,"G[target_index, source_index] = directed influence from source to target"
860,860,row_target_and_column_source,"G[target_index, source_index] = directed influence from source to target"
861,861,row_target_and_column_source,"G[target_index, source_index] = directed influence from source to target"
862,862,row_target_and_column_source,"G[target_index, source_index] = directed influence from source to target"
863,863,row_target_and_column_source,"G[target_index, source_index] = directed influence from source to target"
864,864,row_target_and_column_source,"G[target_index, source_index] = directed influence from source to target"
865,865,row_target_and_column_source,"G[target_index, source_index] = directed influence from source to target"
866,866,row_target_and_column_source,"G[target_index, source_index] = directed influence from source to target"
867,867,row_target_and_column_source,"G[target_index, source_index] = directed influence from source to target"
868,868,row_target_and_column_source,"G[target_index, source_index] = directed influence from source to target"
869,869,row_target_and_column_source,"G[target_index, source_index] = directed influence from source to target"
870,870,row_target_and_column_source,"G[target_index, source_index] = directed influence from source to target"
871,871,row_target_and_column_source,"G[target_index, source_index] = directed influence from source to target"
872,872,row_target_and_column_source,"G[target_index, source_index] = directed influence from source to target"
873,873,row_target_and_column_source,"G[target_index, source_index] = directed influence from source to target"
874,874,row_target_and_column_source,"G[target_index, source_index] = directed influence from source to target"
875,875,row_target_and_column_source,"G[target_index, source_index] = directed influence from source to target"
876,876,row_target_and_column_source,"G[target_index, source_index] = directed influence from source to target"
877,877,row_target_and_column_source,"G[target_index, source_index] = directed influence from source to target"
878,878,row_target_and_column_source,"G[target_index, source_index] = directed influence from source to target"
879,879,row_target_and_column_source,"G[target_index, source_index] = directed influence from source to target"
880,880,row_target_and_column_source,"G[target_index, source_index] = directed influence from source to target"
881,881,row_target_and_column_source,"G[target_index, source_index] = directed influence from source to target"
882,882,row_target_and_column_source,"G[target_index, source_index] = directed influence from source to target"
883,883,row_target_and_column_source,"G[target_index, source_index] = directed influence from source to target"
884,884,row_target_and_column_source,"G[target_index, source_index] = directed influence from source to target"
885,885,row_target_and_column_source,"G[target_index, source_index] = directed influence from source to target"
886,886,row_target_and_column_source,"G[target_index, source_index] = directed influence from source to target"
887,887,row_target_and_column_source,"G[target_index, source_index] = directed influence from source to target"
888,888,row_target_and_column_source,"G[target_index, source_index] = directed influence from source to target"
889,889,row_target_and_column_source,"G[target_index, source_index] = directed influence from source to target"
890,890,row_target_and_column_source,"G[target_index, source_index] = directed influence from source to target"
891,891,row_target_and_column_source,"G[target_index, source_index] = directed influence from source to target"
892,892,row_target_and_column_source,"G[target_index, source_index] = directed influence from source to target"
893,893,row_target_and_column_source,"G[target_index, source_index] = directed influence from source to target"
894,894,row_target_and_column_source,"G[target_index, source_index] = directed influence from source to target"
895,895,row_target_and_column_source,"G[target_index, source_index] = directed influence from source to target"
896,896,row_target_and_column_source,"G[target_index, source_index] = directed influence from source to target"
897,897,row_target_and_column_source,"G[target_index, source_index] = directed influence from source to target"
898,898,row_target_and_column_source,"G[target_index, source_index] = directed influence from source to target"
899,899,row_target_and_column_source,"G[target_index, source_index] = directed influence from source to target"
900,900,row_target_and_column_source,"G[target_index, source_index] = directed influence from source to target"
901,901,row_target_and_column_source,"G[target_index, source_index] = directed influence from source to target"
902,902,row_target_and_column_source,"G[target_index, source_index] = directed influence from source to target"
903,903,row_target_and_column_source,"G[target_index, source_index] = directed influence from source to target"
904,904,row_target_and_column_source,"G[target_index, source_index] = directed influence from source to target"
905,905,row_target_and_column_source,"G[target_index, source_index] = directed influence from source to target"
906,906,row_target_and_column_source,"G[target_index, source_index] = directed influence from source to target"
907,907,row_target_and_column_source,"G[target_index, source_index] = directed influence from source to target"
908,908,row_target_and_column_source,"G[target_index, source_index] = directed influence from source to target"
909,909,row_target_and_column_source,"G[target_index, source_index] = directed influence from source to target"
910,910,row_target_and_column_source,"G[target_index, source_index] = directed influence from source to target"
911,911,row_target_and_column_source,"G[target_index, source_index] = directed influence from source to target"
912,912,row_target_and_column_source,"G[target_index, source_index] = directed influence from source to target"
913,913,row_target_and_column_source,"G[target_index, source_index] = directed influence from source to target"
914,914,row_target_and_column_source,"G[target_index, source_index] = directed influence from source to target"
915,915,row_target_and_column_source,"G[target_index, source_index] = directed influence from source to target"
916,916,row_target_and_column_source,"G[target_index, source_index] = directed influence from source to target"
917,917,row_target_and_column_source,"G[target_index, source_index] = directed influence from source to target"
918,918,row_target_and_column_source,"G[target_index, source_index] = directed influence from source to target"
919,919,row_target_and_column_source,"G[target_index, source_index] = directed influence from source to target"
920,920,row_target_and_column_source,"G[target_index, source_index] = directed influence from source to target"
921,921,row_target_and_column_source,"G[target_index, source_index] = directed influence from source to target"
922,922,row_target_and_column_source,"G[target_index, source_index] = directed influence from source to target"
923,923,row_target_and_column_source,"G[target_index, source_index] = directed influence from source to target"
924,924,row_target_and_column_source,"G[target_index, source_index] = directed influence from source to target"
925,925,row_target_and_column_source,"G[target_index, source_index] = directed influence from source to target"
926,926,row_target_and_column_source,"G[target_index, source_index] = directed influence from source to target"
927,927,row_target_and_column_source,"G[target_index, source_index] = directed influence from source to target"
928,928,row_target_and_column_source,"G[target_index, source_index] = directed influence from source to target"
929,929,row_target_and_column_source,"G[target_index, source_index] = directed influence from source to target"
930,930,row_target_and_column_source,"G[target_index, source_index] = directed influence from source to target"
931,931,row_target_and_column_source,"G[target_index, source_index] = directed influence from source to target"
932,932,row_target_and_column_source,"G[target_index, source_index] = directed influence from source to target"
933,933,row_target_and_column_source,"G[target_index, source_index] = directed influence from source to target"
934,934,row_target_and_column_source,"G[target_index, source_index] = directed influence from source to target"
935,935,row_target_and_column_source,"G[target_index, source_index] = directed influence from source to target"
936,936,row_target_and_column_source,"G[target_index, source_index] = directed influence from source to target"
937,937,row_target_and_column_source,"G[target_index, source_index] = directed influence from source to target"
938,938,row_target_and_column_source,"G[target_index, source_index] = directed influence from source to target"
939,939,row_target_and_column_source,"G[target_index, source_index] = directed influence from source to target"
940,940,row_target_and_column_source,"G[target_index, source_index] = directed influence from source to target"
941,941,row_target_and_column_source,"G[target_index, source_index] = directed influence from source to target"
942,942,row_target_and_column_source,"G[target_index, source_index] = directed influence from source to target"
943,943,row_target_and_column_source,"G[target_index, source_index] = directed influence from source to target"
944,944,row_target_and_column_source,"G[target_index, source_index] = directed influence from source to target"
945,945,row_target_and_column_source,"G[target_index, source_index] = directed influence from source to target"
946,946,row_target_and_column_source,"G[target_index, source_index] = directed influence from source to target"
947,947,row_target_and_column_source,"G[target_index, source_index] = directed influence from source to target"
948,948,row_target_and_column_source,"G[target_index, source_index] = directed influence from source to target"
949,949,row_target_and_column_source,"G[target_index, source_index] = directed influence from source to target"
950,950,row_target_and_column_source,"G[target_index, source_index] = directed influence from source to target"
951,951,row_target_and_column_source,"G[target_index, source_index] = directed influence from source to target"
952,952,row_target_and_column_source,"G[target_index, source_index] = directed influence from source to target"
953,953,row_target_and_column_source,"G[target_index, source_index] = directed influence from source to target"
954,954,row_target_and_column_source,"G[target_index, source_index] = directed influence from source to target"
955,955,row_target_and_column_source,"G[target_index, source_index] = directed influence from source to target"
956,956,row_target_and_column_source,"G[target_index, source_index] = directed influence from source to target"
957,957,row_target_and_column_source,"G[target_index, source_index] = directed influence from source to target"
958,958,row_target_and_column_source,"G[target_index, source_index] = directed influence from source to target"
959,959,row_target_and_column_source,"G[target_index, source_index] = directed influence from source to target"
960,960,row_target_and_column_source,"G[target_index, source_index] = directed influence from source to target"
961,961,row_target_and_column_source,"G[target_index, source_index] = directed influence from source to target"
962,962,row_target_and_column_source,"G[target_index, source_index] = directed influence from source to target"
963,963,row_target_and_column_source,"G[target_index, source_index] = directed influence from source to target"
964,964,row_target_and_column_source,"G[target_index, source_index] = directed influence from source to target"
965,965,row_target_and_column_source,"G[target_index, source_index] = directed influence from source to target"
966,966,row_target_and_column_source,"G[target_index, source_index] = directed influence from source to target"
967,967,row_target_and_column_source,"G[target_index, source_index] = directed influence from source to target"
968,968,row_target_and_column_source,"G[target_index, source_index] = directed influence from source to target"
969,969,row_target_and_column_source,"G[target_index, source_index] = directed influence from source to target"
970,970,row_target_and_column_source,"G[target_index, source_index] = directed influence from source to target"
971,971,row_target_and_column_source,"G[target_index, source_index] = directed influence from source to target"
972,972,row_target_and_column_source,"G[target_index, source_index] = directed influence from source to target"
973,973,row_target_and_column_source,"G[target_index, source_index] = directed influence from source to target"
974,974,row_target_and_column_source,"G[target_index, source_index] = directed influence from source to target"
975,975,row_target_and_column_source,"G[target_index, source_index] = directed influence from source to target"
976,976,row_target_and_column_source,"G[target_index, source_index] = directed influence from source to target"
977,977,row_target_and_column_source,"G[target_index, source_index] = directed influence from source to target"
978,978,row_target_and_column_source,"G[target_index, source_index] = directed influence from source to target"
979,979,row_target_and_column_source,"G[target_index, source_index] = directed influence from source to target"
980,980,row_target_and_column_source,"G[target_index, source_index] = directed influence from source to target"
981,981,row_target_and_column_source,"G[target_index, source_index] = directed influence from source to target"
982,982,row_target_and_column_source,"G[target_index, source_index] = directed influence from source to target"
983,983,row_target_and_column_source,"G[target_index, source_index] = directed influence from source to target"
984,984,row_target_and_column_source,"G[target_index, source_index] = directed influence from source to target"
985,985,row_target_and_column_source,"G[target_index, source_index] = directed influence from source to target"
986,986,row_target_and_column_source,"G[target_index, source_index] = directed influence from source to target"
987,987,row_target_and_column_source,"G[target_index, source_index] = directed influence from source to target"
988,988,row_target_and_column_source,"G[target_index, source_index] = directed influence from source to target"
989,989,row_target_and_column_source,"G[target_index, source_index] = directed influence from source to target"
990,990,row_target_and_column_source,"G[target_index, source_index] = directed influence from source to target"
991,991,row_target_and_column_source,"G[target_index, source_index] = directed influence from source to target"
992,992,row_target_and_column_source,"G[target_index, source_index] = directed influence from source to target"
993,993,row_target_and_column_source,"G[target_index, source_index] = directed influence from source to target"
994,994,row_target_and_column_source,"G[target_index, source_index] = directed influence from source to target"
995,995,row_target_and_column_source,"G[target_index, source_index] = directed influence from source to target"
996,996,row_target_and_column_source,"G[target_index, source_index] = directed influence from source to target"
997,997,row_target_and_column_source,"G[target_index, source_index] = directed influence from source to target"
998,998,row_target_and_column_source,"G[target_index, source_index] = directed influence from source to target"
999,999,row_target_and_column_source,"G[target_index, source_index] = directed influence from source to target"
1000,1000,row_target_and_column_source,"G[target_index, source_index] = directed influence from source to target"
1001,1001,row_target_and_column_source,"G[target_index, source_index] = directed influence from source to target"
1002,1002,row_target_and_column_source,"G[target_index, source_index] = directed influence from source to target"
1003,1003,row_target_and_column_source,"G[target_index, source_index] = directed influence from source to target"
1004,1004,row_target_and_column_source,"G[target_index, source_index] = directed influence from source to target"
1005,1005,row_target_and_column_source,"G[target_index, source_index] = directed influence from source to target"
1006,1006,row_target_and_column_source,"G[target_index, source_index] = directed influence from source to target"
1007,1007,row_target_and_column_source,"G[target_index, source_index] = directed influence from source to target"
1008,1008,row_target_and_column_source,"G[target_index, source_index] = directed influence from source to target"
1009,1009,row_target_and_column_source,"G[target_index, source_index] = directed influence from source to target"
1010,1010,row_target_and_column_source,"G[target_index, source_index] = directed influence from source to target"
1011,1011,row_target_and_column_source,"G[target_index, source_index] = directed influence from source to target"
1012,1012,row_target_and_column_source,"G[target_index, source_index] = directed influence from source to target"
1013,1013,row_target_and_column_source,"G[target_index, source_index] = directed influence from source to target"
1014,1014,row_target_and_column_source,"G[target_index, source_index] = directed influence from source to target"
1015,1015,row_target_and_column_source,"G[target_index, source_index] = directed influence from source to target"
1016,1016,row_target_and_column_source,"G[target_index, source_index] = directed influence from source to target"
1017,1017,row_target_and_column_source,"G[target_index, source_index] = directed influence from source to target"
1018,1018,row_target_and_column_source,"G[target_index, source_index] = directed influence from source to target"
1019,1019,row_target_and_column_source,"G[target_index, source_index] = directed influence from source to target"
1020,1020,row_target_and_column_source,"G[target_index, source_index] = directed influence from source to target"
1021,1021,row_target_and_column_source,"G[target_index, source_index] = directed influence from source to target"
1022,1022,row_target_and_column_source,"G[target_index, source_index] = directed influence from source to target"
1023,1023,row_target_and_column_source,"G[target_index, source_index] = directed influence from source to target"
1024,1024,row_target_and_column_source,"G[target_index, source_index] = directed influence from source to target"
1025,1025,row_target_and_column_source,"G[target_index, source_index] = directed influence from source to target"
1026,1026,row_target_and_column_source,"G[target_index, source_index] = directed influence from source to target"
1027,1027,row_target_and_column_source,"G[target_index, source_index] = directed influence from source to target"
1028,1028,row_target_and_column_source,"G[target_index, source_index] = directed influence from source to target"
1029,1029,row_target_and_column_source,"G[target_index, source_index] = directed influence from source to target"
1030,1030,row_target_and_column_source,"G[target_index, source_index] = directed influence from source to target"
1031,1031,row_target_and_column_source,"G[target_index, source_index] = directed influence from source to target"
1032,1032,row_target_and_column_source,"G[target_index, source_index] = directed influence from source to target"
1033,1033,row_target_and_column_source,"G[target_index, source_index] = directed influence from source to target"
1034,1034,row_target_and_column_source,"G[target_index, source_index] = directed influence from source to target"
1035,1035,row_target_and_column_source,"G[target_index, source_index] = directed influence from source to target"
1036,1036,row_target_and_column_source,"G[target_index, source_index] = directed influence from source to target"
1037,1037,row_target_and_column_source,"G[target_index, source_index] = directed influence from source to target"
1038,1038,row_target_and_column_source,"G[target_index, source_index] = directed influence from source to target"
1039,1039,row_target_and_column_source,"G[target_index, source_index] = directed influence from source to target"
1040,1040,row_target_and_column_source,"G[target_index, source_index] = directed influence from source to target"
1041,1041,row_target_and_column_source,"G[target_index, source_index] = directed influence from source to target"
1042,1042,row_target_and_column_source,"G[target_index, source_index] = directed influence from source to target"
1043,1043,row_target_and_column_source,"G[target_index, source_index] = directed influence from source to target"
1044,1044,row_target_and_column_source,"G[target_index, source_index] = directed influence from source to target"
1045,1045,row_target_and_column_source,"G[target_index, source_index] = directed influence from source to target"
1046,1046,row_target_and_column_source,"G[target_index, source_index] = directed influence from source to target"
1047,1047,row_target_and_column_source,"G[target_index, source_index] = directed influence from source to target"
1048,1048,row_target_and_column_source,"G[target_index, source_index] = directed influence from source to target"
1049,1049,row_target_and_column_source,"G[target_index, source_index] = directed influence from source to target"
1050,1050,row_target_and_column_source,"G[target_index, source_index] = directed influence from source to target"
1051,1051,row_target_and_column_source,"G[target_index, source_index] = directed influence from source to target"
1052,1052,row_target_and_column_source,"G[target_index, source_index] = directed influence from source to target"
1053,1053,row_target_and_column_source,"G[target_index, source_index] = directed influence from source to target"
1054,1054,row_target_and_column_source,"G[target_index, source_index] = directed influence from source to target"
1055,1055,row_target_and_column_source,"G[target_index, source_index] = directed influence from source to target"
1056,1056,row_target_and_column_source,"G[target_index, source_index] = directed influence from source to target"
1057,1057,row_target_and_column_source,"G[target_index, source_index] = directed influence from source to target"
1058,1058,row_target_and_column_source,"G[target_index, source_index] = directed influence from source to target"
1059,1059,row_target_and_column_source,"G[target_index, source_index] = directed influence from source to target"
1060,1060,row_target_and_column_source,"G[target_index, source_index] = directed influence from source to target"
1061,1061,row_target_and_column_source,"G[target_index, source_index] = directed influence from source to target"
1062,1062,row_target_and_column_source,"G[target_index, source_index] = directed influence from source to target"
1063,1063,row_target_and_column_source,"G[target_index, source_index] = directed influence from source to target"
1064,1064,row_target_and_column_source,"G[target_index, source_index] = directed influence from source to target"
1065,1065,row_target_and_column_source,"G[target_index, source_index] = directed influence from source to target"
1066,1066,row_target_and_column_source,"G[target_index, source_index] = directed influence from source to target"
1067,1067,row_target_and_column_source,"G[target_index, source_index] = directed influence from source to target"
1068,1068,row_target_and_column_source,"G[target_index, source_index] = directed influence from source to target"
1069,1069,row_target_and_column_source,"G[target_index, source_index] = directed influence from source to target"
1070,1070,row_target_and_column_source,"G[target_index, source_index] = directed influence from source to target"
1071,1071,row_target_and_column_source,"G[target_index, source_index] = directed influence from source to target"
1072,1072,row_target_and_column_source,"G[target_index, source_index] = directed influence from source to target"
1073,1073,row_target_and_column_source,"G[target_index, source_index] = directed influence from source to target"
1074,1074,row_target_and_column_source,"G[target_index, source_index] = directed influence from source to target"
1075,1075,row_target_and_column_source,"G[target_index, source_index] = directed influence from source to target"
1076,1076,row_target_and_column_source,"G[target_index, source_index] = directed influence from source to target"
1077,1077,row_target_and_column_source,"G[target_index, source_index] = directed influence from source to target"
1078,1078,row_target_and_column_source,"G[target_index, source_index] = directed influence from source to target"
1079,1079,row_target_and_column_source,"G[target_index, source_index] = directed influence from source to target"
1080,1080,row_target_and_column_source,"G[target_index, source_index] = directed influence from source to target"
1081,1081,row_target_and_column_source,"G[target_index, source_index] = directed influence from source to target"
1082,1082,row_target_and_column_source,"G[target_index, source_index] = directed influence from source to target"
1083,1083,row_target_and_column_source,"G[target_index, source_index] = directed influence from source to target"
1084,1084,row_target_and_column_source,"G[target_index, source_index] = directed influence from source to target"
1085,1085,row_target_and_column_source,"G[target_index, source_index] = directed influence from source to target"
1086,1086,row_target_and_column_source,"G[target_index, source_index] = directed influence from source to target"
1087,1087,row_target_and_column_source,"G[target_index, source_index] = directed influence from source to target"
1088,1088,row_target_and_column_source,"G[target_index, source_index] = directed influence from source to target"
1089,1089,row_target_and_column_source,"G[target_index, source_index] = directed influence from source to target"
1090,1090,row_target_and_column_source,"G[target_index, source_index] = directed influence from source to target"
1091,1091,row_target_and_column_source,"G[target_index, source_index] = directed influence from source to target"
1092,1092,row_target_and_column_source,"G[target_index, source_index] = directed influence from source to target"
1093,1093,row_target_and_column_source,"G[target_index, source_index] = directed influence from source to target"
1094,1094,row_target_and_column_source,"G[target_index, source_index] = directed influence from source to target"
1095,1095,row_target_and_column_source,"G[target_index, source_index] = directed influence from source to target"
1096,1096,row_target_and_column_source,"G[target_index, source_index] = directed influence from source to target"
1097,1097,row_target_and_column_source,"G[target_index, source_index] = directed influence from source to target"
1098,1098,row_target_and_column_source,"G[target_index, source_index] = directed influence from source to target"
1099,1099,row_target_and_column_source,"G[target_index, source_index] = directed influence from source to target"
1100,1100,row_target_and_column_source,"G[target_index, source_index] = directed influence from source to target"
1101,1101,row_target_and_column_source,"G[target_index, source_index] = directed influence from source to target"
1102,1102,row_target_and_column_source,"G[target_index, source_index] = directed influence from source to target"
1103,1103,row_target_and_column_source,"G[target_index, source_index] = directed influence from source to target"
1104,1104,row_target_and_column_source,"G[target_index, source_index] = directed influence from source to target"
1105,1105,row_target_and_column_source,"G[target_index, source_index] = directed influence from source to target"
1106,1106,row_target_and_column_source,"G[target_index, source_index] = directed influence from source to target"
1107,1107,row_target_and_column_source,"G[target_index, source_index] = directed influence from source to target"
1108,1108,row_target_and_column_source,"G[target_index, source_index] = directed influence from source to target"
1109,1109,row_target_and_column_source,"G[target_index, source_index] = directed influence from source to target"
1110,1110,row_target_and_column_source,"G[target_index, source_index] = directed influence from source to target"
1111,1111,row_target_and_column_source,"G[target_index, source_index] = directed influence from source to target"
1112,1112,row_target_and_column_source,"G[target_index, source_index] = directed influence from source to target"
1113,1113,row_target_and_column_source,"G[target_index, source_index] = directed influence from source to target"
1114,1114,row_target_and_column_source,"G[target_index, source_index] = directed influence from source to target"
1115,1115,row_target_and_column_source,"G[target_index, source_index] = directed influence from source to target"
1116,1116,row_target_and_column_source,"G[target_index, source_index] = directed influence from source to target"
1117,1117,row_target_and_column_source,"G[target_index, source_index] = directed influence from source to target"
1118,1118,row_target_and_column_source,"G[target_index, source_index] = directed influence from source to target"
1119,1119,row_target_and_column_source,"G[target_index, source_index] = directed influence from source to target"
1120,1120,row_target_and_column_source,"G[target_index, source_index] = directed influence from source to target"
1121,1121,row_target_and_column_source,"G[target_index, source_index] = directed influence from source to target"
1122,1122,row_target_and_column_source,"G[target_index, source_index] = directed influence from source to target"
1123,1123,row_target_and_column_source,"G[target_index, source_index] = directed influence from source to target"
1124,1124,row_target_and_column_source,"G[target_index, source_index] = directed influence from source to target"
1125,1125,row_target_and_column_source,"G[target_index, source_index] = directed influence from source to target"
1126,1126,row_target_and_column_source,"G[target_index, source_index] = directed influence from source to target"
1127,1127,row_target_and_column_source,"G[target_index, source_index] = directed influence from source to target"
1128,1128,row_target_and_column_source,"G[target_index, source_index] = directed influence from source to target"
1129,1129,row_target_and_column_source,"G[target_index, source_index] = directed influence from source to target"
1130,1130,row_target_and_column_source,"G[target_index, source_index] = directed influence from source to target"
1131,1131,row_target_and_column_source,"G[target_index, source_index] = directed influence from source to target"
1132,1132,row_target_and_column_source,"G[target_index, source_index] = directed influence from source to target"
1133,1133,row_target_and_column_source,"G[target_index, source_index] = directed influence from source to target"
1134,1134,row_target_and_column_source,"G[target_index, source_index] = directed influence from source to target"
1135,1135,row_target_and_column_source,"G[target_index, source_index] = directed influence from source to target"
1136,1136,row_target_and_column_source,"G[target_index, source_index] = directed influence from source to target"
1137,1137,row_target_and_column_source,"G[target_index, source_index] = directed influence from source to target"
1138,1138,row_target_and_column_source,"G[target_index, source_index] = directed influence from source to target"
1139,1139,row_target_and_column_source,"G[target_index, source_index] = directed influence from source to target"
1140,1140,row_target_and_column_source,"G[target_index, source_index] = directed influence from source to target"
1141,1141,row_target_and_column_source,"G[target_index, source_index] = directed influence from source to target"
1142,1142,row_target_and_column_source,"G[target_index, source_index] = directed influence from source to target"
1143,1143,row_target_and_column_source,"G[target_index, source_index] = directed influence from source to target"
1144,1144,row_target_and_column_source,"G[target_index, source_index] = directed influence from source to target"
1145,1145,row_target_and_column_source,"G[target_index, source_index] = directed influence from source to target"
1146,1146,row_target_and_column_source,"G[target_index, source_index] = directed influence from source to target"
1147,1147,row_target_and_column_source,"G[target_index, source_index] = directed influence from source to target"
1148,1148,row_target_and_column_source,"G[target_index, source_index] = directed influence from source to target"
1149,1149,row_target_and_column_source,"G[target_index, source_index] = directed influence from source to target"
1150,1150,row_target_and_column_source,"G[target_index, source_index] = directed influence from source to target"
1151,1151,row_target_and_column_source,"G[target_index, source_index] = directed influence from source to target"
1152,1152,row_target_and_column_source,"G[target_index, source_index] = directed influence from source to target"
1153,1153,row_target_and_column_source,"G[target_index, source_index] = directed influence from source to target"
1154,1154,row_target_and_column_source,"G[target_index, source_index] = directed influence from source to target"
1155,1155,row_target_and_column_source,"G[target_index, source_index] = directed influence from source to target"
1156,1156,row_target_and_column_source,"G[target_index, source_index] = directed influence from source to target"
1157,1157,row_target_and_column_source,"G[target_index, source_index] = directed influence from source to target"
1158,1158,row_target_and_column_source,"G[target_index, source_index] = directed influence from source to target"
1159,1159,row_target_and_column_source,"G[target_index, source_index] = directed influence from source to target"
1160,1160,row_target_and_column_source,"G[target_index, source_index] = directed influence from source to target"
1161,1161,row_target_and_column_source,"G[target_index, source_index] = directed influence from source to target"
1162,1162,row_target_and_column_source,"G[target_index, source_index] = directed influence from source to target"
1163,1163,row_target_and_column_source,"G[target_index, source_index] = directed influence from source to target"
1164,1164,row_target_and_column_source,"G[target_index, source_index] = directed influence from source to target"
1165,1165,row_target_and_column_source,"G[target_index, source_index] = directed influence from source to target"
1166,1166,row_target_and_column_source,"G[target_index, source_index] = directed influence from source to target"
1167,1167,row_target_and_column_source,"G[target_index, source_index] = directed influence from source to target"
1168,1168,row_target_and_column_source,"G[target_index, source_index] = directed influence from source to target"
1169,1169,row_target_and_column_source,"G[target_index, source_index] = directed influence from source to target"
1170,1170,row_target_and_column_source,"G[target_index, source_index] = directed influence from source to target"
1171,1171,row_target_and_column_source,"G[target_index, source_index] = directed influence from source to target"
1172,1172,row_target_and_column_source,"G[target_index, source_index] = directed influence from source to target"
1173,1173,row_target_and_column_source,"G[target_index, source_index] = directed influence from source to target"
1174,1174,row_target_and_column_source,"G[target_index, source_index] = directed influence from source to target"
1175,1175,row_target_and_column_source,"G[target_index, source_index] = directed influence from source to target"
1176,1176,row_target_and_column_source,"G[target_index, source_index] = directed influence from source to target"
1177,1177,row_target_and_column_source,"G[target_index, source_index] = directed influence from source to target"
1178,1178,row_target_and_column_source,"G[target_index, source_index] = directed influence from source to target"
1179,1179,row_target_and_column_source,"G[target_index, source_index] = directed influence from source to target"
1180,1180,row_target_and_column_source,"G[target_index, source_index] = directed influence from source to target"
1181,1181,row_target_and_column_source,"G[target_index, source_index] = directed influence from source to target"
1182,1182,row_target_and_column_source,"G[target_index, source_index] = directed influence from source to target"
1183,1183,row_target_and_column_source,"G[target_index, source_index] = directed influence from source to target"
1184,1184,row_target_and_column_source,"G[target_index, source_index] = directed influence from source to target"
1185,1185,row_target_and_column_source,"G[target_index, source_index] = directed influence from source to target"
1186,1186,row_target_and_column_source,"G[target_index, source_index] = directed influence from source to target"
1187,1187,row_target_and_column_source,"G[target_index, source_index] = directed influence from source to target"
1188,1188,row_target_and_column_source,"G[target_index, source_index] = directed influence from source to target"
1189,1189,row_target_and_column_source,"G[target_index, source_index] = directed influence from source to target"
1190,1190,row_target_and_column_source,"G[target_index, source_index] = directed influence from source to target"
1191,1191,row_target_and_column_source,"G[target_index, source_index] = directed influence from source to target"
1192,1192,row_target_and_column_source,"G[target_index, source_index] = directed influence from source to target"
1193,1193,row_target_and_column_source,"G[target_index, source_index] = directed influence from source to target"
1194,1194,row_target_and_column_source,"G[target_index, source_index] = directed influence from source to target"
1195,1195,row_target_and_column_source,"G[target_index, source_index] = directed influence from source to target"
1196,1196,row_target_and_column_source,"G[target_index, source_index] = directed influence from source to target"
1197,1197,row_target_and_column_source,"G[target_index, source_index] = directed influence from source to target"
1198,1198,row_target_and_column_source,"G[target_index, source_index] = directed influence from source to target"
1199,1199,row_target_and_column_source,"G[target_index, source_index] = directed influence from source to target"
1200,1200,row_target_and_column_source,"G[target_index, source_index] = directed influence from source to target"
1201,1201,row_target_and_column_source,"G[target_index, source_index] = directed influence from source to target"
1202,1202,row_target_and_column_source,"G[target_index, source_index] = directed influence from source to target"
1203,1203,row_target_and_column_source,"G[target_index, source_index] = directed influence from source to target"
1204,1204,row_target_and_column_source,"G[target_index, source_index] = directed influence from source to target"
1205,1205,row_target_and_column_source,"G[target_index, source_index] = directed influence from source to target"
1206,1206,row_target_and_column_source,"G[target_index, source_index] = directed influence from source to target"
1207,1207,row_target_and_column_source,"G[target_index, source_index] = directed influence from source to target"
1208,1208,row_target_and_column_source,"G[target_index, source_index] = directed influence from source to target"
1209,1209,row_target_and_column_source,"G[target_index, source_index] = directed influence from source to target"
1210,1210,row_target_and_column_source,"G[target_index, source_index] = directed influence from source to target"
1211,1211,row_target_and_column_source,"G[target_index, source_index] = directed influence from source to target"
1212,1212,row_target_and_column_source,"G[target_index, source_index] = directed influence from source to target"
1213,1213,row_target_and_column_source,"G[target_index, source_index] = directed influence from source to target"
1214,1214,row_target_and_column_source,"G[target_index, source_index] = directed influence from source to target"
1215,1215,row_target_and_column_source,"G[target_index, source_index] = directed influence from source to target"
1216,1216,row_target_and_column_source,"G[target_index, source_index] = directed influence from source to target"
1217,1217,row_target_and_column_source,"G[target_index, source_index] = directed influence from source to target"
1218,1218,row_target_and_column_source,"G[target_index, source_index] = directed influence from source to target"
1219,1219,row_target_and_column_source,"G[target_index, source_index] = directed influence from source to target"
1220,1220,row_target_and_column_source,"G[target_index, source_index] = directed influence from source to target"
1221,1221,row_target_and_column_source,"G[target_index, source_index] = directed influence from source to target"
1222,1222,row_target_and_column_source,"G[target_index, source_index] = directed influence from source to target"
1223,1223,row_target_and_column_source,"G[target_index, source_index] = directed influence from source to target"
1224,1224,row_target_and_column_source,"G[target_index, source_index] = directed influence from source to target"
1225,1225,row_target_and_column_source,"G[target_index, source_index] = directed influence from source to target"
1226,1226,row_target_and_column_source,"G[target_index, source_index] = directed influence from source to target"
1227,1227,row_target_and_column_source,"G[target_index, source_index] = directed influence from source to target"
1228,1228,row_target_and_column_source,"G[target_index, source_index] = directed influence from source to target"
1229,1229,row_target_and_column_source,"G[target_index, source_index] = directed influence from source to target"
1230,1230,row_target_and_column_source,"G[target_index, source_index] = directed influence from source to target"
1231,1231,row_target_and_column_source,"G[target_index, source_index] = directed influence from source to target"
1232,1232,row_target_and_column_source,"G[target_index, source_index] = directed influence from source to target"
1233,1233,row_target_and_column_source,"G[target_index, source_index] = directed influence from source to target"
1234,1234,row_target_and_column_source,"G[target_index, source_index] = directed influence from source to target"
1235,1235,row_target_and_column_source,"G[target_index, source_index] = directed influence from source to target"
1236,1236,row_target_and_column_source,"G[target_index, source_index] = directed influence from source to target"
1237,1237,row_target_and_column_source,"G[target_index, source_index] = directed influence from source to target"
1238,1238,row_target_and_column_source,"G[target_index, source_index] = directed influence from source to target"
1239,1239,row_target_and_column_source,"G[target_index, source_index] = directed influence from source to target"
1240,1240,row_target_and_column_source,"G[target_index, source_index] = directed influence from source to target"
1241,1241,row_target_and_column_source,"G[target_index, source_index] = directed influence from source to target"
1242,1242,row_target_and_column_source,"G[target_index, source_index] = directed influence from source to target"
1243,1243,row_target_and_column_source,"G[target_index, source_index] = directed influence from source to target"
1244,1244,row_target_and_column_source,"G[target_index, source_index] = directed influence from source to target"
1245,1245,row_target_and_column_source,"G[target_index, source_index] = directed influence from source to target"
1246,1246,row_target_and_column_source,"G[target_index, source_index] = directed influence from source to target"
1247,1247,row_target_and_column_source,"G[target_index, source_index] = directed influence from source to target"
1248,1248,row_target_and_column_source,"G[target_index, source_index] = directed influence from source to target"
1249,1249,row_target_and_column_source,"G[target_index, source_index] = directed influence from source to target"
1250,1250,row_target_and_column_source,"G[target_index, source_index] = directed influence from source to target"
1251,1251,row_target_and_column_source,"G[target_index, source_index] = directed influence from source to target"
1252,1252,row_target_and_column_source,"G[target_index, source_index] = directed influence from source to target"
1253,1253,row_target_and_column_source,"G[target_index, source_index] = directed influence from source to target"
1254,1254,row_target_and_column_source,"G[target_index, source_index] = directed influence from source to target"
1255,1255,row_target_and_column_source,"G[target_index, source_index] = directed influence from source to target"
1256,1256,row_target_and_column_source,"G[target_index, source_index] = directed influence from source to target"
1257,1257,row_target_and_column_source,"G[target_index, source_index] = directed influence from source to target"
1258,1258,row_target_and_column_source,"G[target_index, source_index] = directed influence from source to target"
1259,1259,row_target_and_column_source,"G[target_index, source_index] = directed influence from source to target"
1260,1260,row_target_and_column_source,"G[target_index, source_index] = directed influence from source to target"
1261,1261,row_target_and_column_source,"G[target_index, source_index] = directed influence from source to target"
1262,1262,row_target_and_column_source,"G[target_index, source_index] = directed influence from source to target"
1263,1263,row_target_and_column_source,"G[target_index, source_index] = directed influence from source to target"
1264,1264,row_target_and_column_source,"G[target_index, source_index] = directed influence from source to target"
1265,1265,row_target_and_column_source,"G[target_index, source_index] = directed influence from source to target"
1266,1266,row_target_and_column_source,"G[target_index, source_index] = directed influence from source to target"
1267,1267,row_target_and_column_source,"G[target_index, source_index] = directed influence from source to target"
1268,1268,row_target_and_column_source,"G[target_index, source_index] = directed influence from source to target"
1269,1269,row_target_and_column_source,"G[target_index, source_index] = directed influence from source to target"
1270,1270,row_target_and_column_source,"G[target_index, source_index] = directed influence from source to target"
1271,1271,row_target_and_column_source,"G[target_index, source_index] = directed influence from source to target"
1272,1272,row_target_and_column_source,"G[target_index, source_index] = directed influence from source to target"
1273,1273,row_target_and_column_source,"G[target_index, source_index] = directed influence from source to target"
1274,1274,row_target_and_column_source,"G[target_index, source_index] = directed influence from source to target"
1275,1275,row_target_and_column_source,"G[target_index, source_index] = directed influence from source to target"
1276,1276,row_target_and_column_source,"G[target_index, source_index] = directed influence from source to target"
1277,1277,row_target_and_column_source,"G[target_index, source_index] = directed influence from source to target"
1278,1278,row_target_and_column_source,"G[target_index, source_index] = directed influence from source to target"
1279,1279,row_target_and_column_source,"G[target_index, source_index] = directed influence from source to target"
1280,1280,row_target_and_column_source,"G[target_index, source_index] = directed influence from source to target"
1281,1281,row_target_and_column_source,"G[target_index, source_index] = directed influence from source to target"
1282,1282,row_target_and_column_source,"G[target_index, source_index] = directed influence from source to target"
1283,1283,row_target_and_column_source,"G[target_index, source_index] = directed influence from source to target"
1284,1284,row_target_and_column_source,"G[target_index, source_index] = directed influence from source to target"
1285,1285,row_target_and_column_source,"G[target_index, source_index] = directed influence from source to target"
1286,1286,row_target_and_column_source,"G[target_index, source_index] = directed influence from source to target"
1287,1287,row_target_and_column_source,"G[target_index, source_index] = directed influence from source to target"
1288,1288,row_target_and_column_source,"G[target_index, source_index] = directed influence from source to target"
1289,1289,row_target_and_column_source,"G[target_index, source_index] = directed influence from source to target"
1290,1290,row_target_and_column_source,"G[target_index, source_index] = directed influence from source to target"
1291,1291,row_target_and_column_source,"G[target_index, source_index] = directed influence from source to target"
1292,1292,row_target_and_column_source,"G[target_index, source_index] = directed influence from source to target"
1293,1293,row_target_and_column_source,"G[target_index, source_index] = directed influence from source to target"
1294,1294,row_target_and_column_source,"G[target_index, source_index] = directed influence from source to target"
1295,1295,row_target_and_column_source,"G[target_index, source_index] = directed influence from source to target"
1296,1296,row_target_and_column_source,"G[target_index, source_index] = directed influence from source to target"
1297,1297,row_target_and_column_source,"G[target_index, source_index] = directed influence from source to target"
1298,1298,row_target_and_column_source,"G[target_index, source_index] = directed influence from source to target"
1299,1299,row_target_and_column_source,"G[target_index, source_index] = directed influence from source to target"
1300,1300,row_target_and_column_source,"G[target_index, source_index] = directed influence from source to target"
1301,1301,row_target_and_column_source,"G[target_index, source_index] = directed influence from source to target"
1302,1302,row_target_and_column_source,"G[target_index, source_index] = directed influence from source to target"
1303,1303,row_target_and_column_source,"G[target_index, source_index] = directed influence from source to target"
1304,1304,row_target_and_column_source,"G[target_index, source_index] = directed influence from source to target"
1305,1305,row_target_and_column_source,"G[target_index, source_index] = directed influence from source to target"
1306,1306,row_target_and_column_source,"G[target_index, source_index] = directed influence from source to target"
1307,1307,row_target_and_column_source,"G[target_index, source_index] = directed influence from source to target"
1308,1308,row_target_and_column_source,"G[target_index, source_index] = directed influence from source to target"
1309,1309,row_target_and_column_source,"G[target_index, source_index] = directed influence from source to target"
1310,1310,row_target_and_column_source,"G[target_index, source_index] = directed influence from source to target"
1311,1311,row_target_and_column_source,"G[target_index, source_index] = directed influence from source to target"
1312,1312,row_target_and_column_source,"G[target_index, source_index] = directed influence from source to target"
1313,1313,row_target_and_column_source,"G[target_index, source_index] = directed influence from source to target"
1314,1314,row_target_and_column_source,"G[target_index, source_index] = directed influence from source to target"
1315,1315,row_target_and_column_source,"G[target_index, source_index] = directed influence from source to target"
1316,1316,row_target_and_column_source,"G[target_index, source_index] = directed influence from source to target"
1317,1317,row_target_and_column_source,"G[target_index, source_index] = directed influence from source to target"
1318,1318,row_target_and_column_source,"G[target_index, source_index] = directed influence from source to target"
1319,1319,row_target_and_column_source,"G[target_index, source_index] = directed influence from source to target"
1320,1320,row_target_and_column_source,"G[target_index, source_index] = directed influence from source to target"
1321,1321,row_target_and_column_source,"G[target_index, source_index] = directed influence from source to target"
1322,1322,row_target_and_column_source,"G[target_index, source_index] = directed influence from source to target"
1323,1323,row_target_and_column_source,"G[target_index, source_index] = directed influence from source to target"
1324,1324,row_target_and_column_source,"G[target_index, source_index] = directed influence from source to target"
1325,1325,row_target_and_column_source,"G[target_index, source_index] = directed influence from source to target"
1326,1326,row_target_and_column_source,"G[target_index, source_index] = directed influence from source to target"
1327,1327,row_target_and_column_source,"G[target_index, source_index] = directed influence from source to target"
1328,1328,row_target_and_column_source,"G[target_index, source_index] = directed influence from source to target"
1329,1329,row_target_and_column_source,"G[target_index, source_index] = directed influence from source to target"
1330,1330,row_target_and_column_source,"G[target_index, source_index] = directed influence from source to target"
1331,1331,row_target_and_column_source,"G[target_index, source_index] = directed influence from source to target"
1332,1332,row_target_and_column_source,"G[target_index, source_index] = directed influence from source to target"
1333,1333,row_target_and_column_source,"G[target_index, source_index] = directed influence from source to target"
1334,1334,row_target_and_column_source,"G[target_index, source_index] = directed influence from source to target"
1335,1335,row_target_and_column_source,"G[target_index, source_index] = directed influence from source to target"
1336,1336,row_target_and_column_source,"G[target_index, source_index] = directed influence from source to target"
1337,1337,row_target_and_column_source,"G[target_index, source_index] = directed influence from source to target"
1338,1338,row_target_and_column_source,"G[target_index, source_index] = directed influence from source to target"
1339,1339,row_target_and_column_source,"G[target_index, source_index] = directed influence from source to target"
1340,1340,row_target_and_column_source,"G[target_index, source_index] = directed influence from source to target"
1341,1341,row_target_and_column_source,"G[target_index, source_index] = directed influence from source to target"
1342,1342,row_target_and_column_source,"G[target_index, source_index] = directed influence from source to target"
1343,1343,row_target_and_column_source,"G[target_index, source_index] = directed influence from source to target"
1344,1344,row_target_and_column_source,"G[target_index, source_index] = directed influence from source to target"
1345,1345,row_target_and_column_source,"G[target_index, source_index] = directed influence from source to target"
1346,1346,row_target_and_column_source,"G[target_index, source_index] = directed influence from source to target"
1347,1347,row_target_and_column_source,"G[target_index, source_index] = directed influence from source to target"
1348,1348,row_target_and_column_source,"G[target_index, source_index] = directed influence from source to target"
1349,1349,row_target_and_column_source,"G[target_index, source_index] = directed influence from source to target"
1350,1350,row_target_and_column_source,"G[target_index, source_index] = directed influence from source to target"
1351,1351,row_target_and_column_source,"G[target_index, source_index] = directed influence from source to target"
1352,1352,row_target_and_column_source,"G[target_index, source_index] = directed influence from source to target"
1353,1353,row_target_and_column_source,"G[target_index, source_index] = directed influence from source to target"
1354,1354,row_target_and_column_source,"G[target_index, source_index] = directed influence from source to target"
1355,1355,row_target_and_column_source,"G[target_index, source_index] = directed influence from source to target"
1356,1356,row_target_and_column_source,"G[target_index, source_index] = directed influence from source to target"
1357,1357,row_target_and_column_source,"G[target_index, source_index] = directed influence from source to target"
1358,1358,row_target_and_column_source,"G[target_index, source_index] = directed influence from source to target"
1359,1359,row_target_and_column_source,"G[target_index, source_index] = directed influence from source to target"
1360,1360,row_target_and_column_source,"G[target_index, source_index] = directed influence from source to target"
1361,1361,row_target_and_column_source,"G[target_index, source_index] = directed influence from source to target"
1362,1362,row_target_and_column_source,"G[target_index, source_index] = directed influence from source to target"
1363,1363,row_target_and_column_source,"G[target_index, source_index] = directed influence from source to target"
1364,1364,row_target_and_column_source,"G[target_index, source_index] = directed influence from source to target"
1365,1365,row_target_and_column_source,"G[target_index, source_index] = directed influence from source to target"
1366,1366,row_target_and_column_source,"G[target_index, source_index] = directed influence from source to target"
1367,1367,row_target_and_column_source,"G[target_index, source_index] = directed influence from source to target"
1368,1368,row_target_and_column_source,"G[target_index, source_index] = directed influence from source to target"
1369,1369,row_target_and_column_source,"G[target_index, source_index] = directed influence from source to target"
1370,1370,row_target_and_column_source,"G[target_index, source_index] = directed influence from source to target"
1371,1371,row_target_and_column_source,"G[target_index, source_index] = directed influence from source to target"
1372,1372,row_target_and_column_source,"G[target_index, source_index] = directed influence from source to target"
1373,1373,row_target_and_column_source,"G[target_index, source_index] = directed influence from source to target"
1374,1374,row_target_and_column_source,"G[target_index, source_index] = directed influence from source to target"
1375,1375,row_target_and_column_source,"G[target_index, source_index] = directed influence from source to target"
1376,1376,row_target_and_column_source,"G[target_index, source_index] = directed influence from source to target"
1377,1377,row_target_and_column_source,"G[target_index, source_index] = directed influence from source to target"
1378,1378,row_target_and_column_source,"G[target_index, source_index] = directed influence from source to target"
1379,1379,row_target_and_column_source,"G[target_index, source_index] = directed influence from source to target"
1380,1380,row_target_and_column_source,"G[target_index, source_index] = directed influence from source to target"
1381,1381,row_target_and_column_source,"G[target_index, source_index] = directed influence from source to target"
1382,1382,row_target_and_column_source,"G[target_index, source_index] = directed influence from source to target"
1383,1383,row_target_and_column_source,"G[target_index, source_index] = directed influence from source to target"
1384,1384,row_target_and_column_source,"G[target_index, source_index] = directed influence from source to target"
1385,1385,row_target_and_column_source,"G[target_index, source_index] = directed influence from source to target"
1386,1386,row_target_and_column_source,"G[target_index, source_index] = directed influence from source to target"
1387,1387,row_target_and_column_source,"G[target_index, source_index] = directed influence from source to target"
1388,1388,row_target_and_column_source,"G[target_index, source_index] = directed influence from source to target"
1389,1389,row_target_and_column_source,"G[target_index, source_index] = directed influence from source to target"
1390,1390,row_target_and_column_source,"G[target_index, source_index] = directed influence from source to target"
1391,1391,row_target_and_column_source,"G[target_index, source_index] = directed influence from source to target"
1392,1392,row_target_and_column_source,"G[target_index, source_index] = directed influence from source to target"
1393,1393,row_target_and_column_source,"G[target_index, source_index] = directed influence from source to target"
1394,1394,row_target_and_column_source,"G[target_index, source_index] = directed influence from source to target"
1395,1395,row_target_and_column_source,"G[target_index, source_index] = directed influence from source to target"
1396,1396,row_target_and_column_source,"G[target_index, source_index] = directed influence from source to target"
1397,1397,row_target_and_column_source,"G[target_index, source_index] = directed influence from source to target"
1398,1398,row_target_and_column_source,"G[target_index, source_index] = directed influence from source to target"
1399,1399,row_target_and_column_source,"G[target_index, source_index] = directed influence from source to target"
1400,1400,row_target_and_column_source,"G[target_index, source_index] = directed influence from source to target"
1401,1401,row_target_and_column_source,"G[target_index, source_index] = directed influence from source to target"
1402,1402,row_target_and_column_source,"G[target_index, source_index] = directed influence from source to target"
1403,1403,row_target_and_column_source,"G[target_index, source_index] = directed influence from source to target"
1404,1404,row_target_and_column_source,"G[target_index, source_index] = directed influence from source to target"
1405,1405,row_target_and_column_source,"G[target_index, source_index] = directed influence from source to target"
1406,1406,row_target_and_column_source,"G[target_index, source_index] = directed influence from source to target"
1407,1407,row_target_and_column_source,"G[target_index, source_index] = directed influence from source to target"
1408,1408,row_target_and_column_source,"G[target_index, source_index] = directed influence from source to target"
1409,1409,row_target_and_column_source,"G[target_index, source_index] = directed influence from source to target"
1410,1410,row_target_and_column_source,"G[target_index, source_index] = directed influence from source to target"
1411,1411,row_target_and_column_source,"G[target_index, source_index] = directed influence from source to target"
1412,1412,row_target_and_column_source,"G[target_index, source_index] = directed influence from source to target"
1413,1413,row_target_and_column_source,"G[target_index, source_index] = directed influence from source to target"
1414,1414,row_target_and_column_source,"G[target_index, source_index] = directed influence from source to target"
1415,1415,row_target_and_column_source,"G[target_index, source_index] = directed influence from source to target"
1416,1416,row_target_and_column_source,"G[target_index, source_index] = directed influence from source to target"
1417,1417,row_target_and_column_source,"G[target_index, source_index] = directed influence from source to target"
1418,1418,row_target_and_column_source,"G[target_index, source_index] = directed influence from source to target"
1419,1419,row_target_and_column_source,"G[target_index, source_index] = directed influence from source to target"
1420,1420,row_target_and_column_source,"G[target_index, source_index] = directed influence from source to target"
1421,1421,row_target_and_column_source,"G[target_index, source_index] = directed influence from source to target"
1422,1422,row_target_and_column_source,"G[target_index, source_index] = directed influence from source to target"
1423,1423,row_target_and_column_source,"G[target_index, source_index] = directed influence from source to target"
1424,1424,row_target_and_column_source,"G[target_index, source_index] = directed influence from source to target"
1425,1425,row_target_and_column_source,"G[target_index, source_index] = directed influence from source to target"
1426,1426,row_target_and_column_source,"G[target_index, source_index] = directed influence from source to target"
1427,1427,row_target_and_column_source,"G[target_index, source_index] = directed influence from source to target"
1428,1428,row_target_and_column_source,"G[target_index, source_index] = directed influence from source to target"
1429,1429,row_target_and_column_source,"G[target_index, source_index] = directed influence from source to target"
1430,1430,row_target_and_column_source,"G[target_index, source_index] = directed influence from source to target"
1431,1431,row_target_and_column_source,"G[target_index, source_index] = directed influence from source to target"
1432,1432,row_target_and_column_source,"G[target_index, source_index] = directed influence from source to target"
1433,1433,row_target_and_column_source,"G[target_index, source_index] = directed influence from source to target"
1434,1434,row_target_and_column_source,"G[target_index, source_index] = directed influence from source to target"
1435,1435,row_target_and_column_source,"G[target_index, source_index] = directed influence from source to target"
1436,1436,row_target_and_column_source,"G[target_index, source_index] = directed influence from source to target"
1437,1437,row_target_and_column_source,"G[target_index, source_index] = directed influence from source to target"
1438,1438,row_target_and_column_source,"G[target_index, source_index] = directed influence from source to target"
1439,1439,row_target_and_column_source,"G[target_index, source_index] = directed influence from source to target"
1440,1440,row_target_and_column_source,"G[target_index, source_index] = directed influence from source to target"
1441,1441,row_target_and_column_source,"G[target_index, source_index] = directed influence from source to target"
1442,1442,row_target_and_column_source,"G[target_index, source_index] = directed influence from source to target"
1443,1443,row_target_and_column_source,"G[target_index, source_index] = directed influence from source to target"
1444,1444,row_target_and_column_source,"G[target_index, source_index] = directed influence from source to target"
1445,1445,row_target_and_column_source,"G[target_index, source_index] = directed influence from source to target"
1446,1446,row_target_and_column_source,"G[target_index, source_index] = directed influence from source to target"
1447,1447,row_target_and_column_source,"G[target_index, source_index] = directed influence from source to target"
1448,1448,row_target_and_column_source,"G[target_index, source_index] = directed influence from source to target"
1449,1449,row_target_and_column_source,"G[target_index, source_index] = directed influence from source to target"
1450,1450,row_target_and_column_source,"G[target_index, source_index] = directed influence from source to target"
1451,1451,row_target_and_column_source,"G[target_index, source_index] = directed influence from source to target"
1452,1452,row_target_and_column_source,"G[target_index, source_index] = directed influence from source to target"
1453,1453,row_target_and_column_source,"G[target_index, source_index] = directed influence from source to target"
1454,1454,row_target_and_column_source,"G[target_index, source_index] = directed influence from source to target"
1455,1455,row_target_and_column_source,"G[target_index, source_index] = directed influence from source to target"
1456,1456,row_target_and_column_source,"G[target_index, source_index] = directed influence from source to target"
1457,1457,row_target_and_column_source,"G[target_index, source_index] = directed influence from source to target"
1458,1458,row_target_and_column_source,"G[target_index, source_index] = directed influence from source to target"
1459,1459,row_target_and_column_source,"G[target_index, source_index] = directed influence from source to target"
1460,1460,row_target_and_column_source,"G[target_index, source_index] = directed influence from source to target"
1461,1461,row_target_and_column_source,"G[target_index, source_index] = directed influence from source to target"
1462,1462,row_target_and_column_source,"G[target_index, source_index] = directed influence from source to target"
1463,1463,row_target_and_column_source,"G[target_index, source_index] = directed influence from source to target"
1464,1464,row_target_and_column_source,"G[target_index, source_index] = directed influence from source to target"
1465,1465,row_target_and_column_source,"G[target_index, source_index] = directed influence from source to target"
1466,1466,row_target_and_column_source,"G[target_index, source_index] = directed influence from source to target"
1467,1467,row_target_and_column_source,"G[target_index, source_index] = directed influence from source to target"
1468,1468,row_target_and_column_source,"G[target_index, source_index] = directed influence from source to target"
1469,1469,row_target_and_column_source,"G[target_index, source_index] = directed influence from source to target"
1470,1470,row_target_and_column_source,"G[target_index, source_index] = directed influence from source to target"
1471,1471,row_target_and_column_source,"G[target_index, source_index] = directed influence from source to target"
1472,1472,row_target_and_column_source,"G[target_index, source_index] = directed influence from source to target"
1473,1473,row_target_and_column_source,"G[target_index, source_index] = directed influence from source to target"
1474,1474,row_target_and_column_source,"G[target_index, source_index] = directed influence from source to target"
1475,1475,row_target_and_column_source,"G[target_index, source_index] = directed influence from source to target"
1476,1476,row_target_and_column_source,"G[target_index, source_index] = directed influence from source to target"
1477,1477,row_target_and_column_source,"G[target_index, source_index] = directed influence from source to target"
1478,1478,row_target_and_column_source,"G[target_index, source_index] = directed influence from source to target"
1479,1479,row_target_and_column_source,"G[target_index, source_index] = directed influence from source to target"
1480,1480,row_target_and_column_source,"G[target_index, source_index] = directed influence from source to target"
1481,1481,row_target_and_column_source,"G[target_index, source_index] = directed influence from source to target"
1482,1482,row_target_and_column_source,"G[target_index, source_index] = directed influence from source to target"
1483,1483,row_target_and_column_source,"G[target_index, source_index] = directed influence from source to target"
1484,1484,row_target_and_column_source,"G[target_index, source_index] = directed influence from source to target"
1485,1485,row_target_and_column_source,"G[target_index, source_index] = directed influence from source to target"
1486,1486,row_target_and_column_source,"G[target_index, source_index] = directed influence from source to target"
1487,1487,row_target_and_column_source,"G[target_index, source_index] = directed influence from source to target"
1488,1488,row_target_and_column_source,"G[target_index, source_index] = directed influence from source to target"
1489,1489,row_target_and_column_source,"G[target_index, source_index] = directed influence from source to target"
1490,1490,row_target_and_column_source,"G[target_index, source_index] = directed influence from source to target"
1491,1491,row_target_and_column_source,"G[target_index, source_index] = directed influence from source to target"
1492,1492,row_target_and_column_source,"G[target_index, source_index] = directed influence from source to target"
1493,1493,row_target_and_column_source,"G[target_index, source_index] = directed influence from source to target"
1494,1494,row_target_and_column_source,"G[target_index, source_index] = directed influence from source to target"
1495,1495,row_target_and_column_source,"G[target_index, source_index] = directed influence from source to target"
1496,1496,row_target_and_column_source,"G[target_index, source_index] = directed influence from source to target"
1497,1497,row_target_and_column_source,"G[target_index, source_index] = directed influence from source to target"
1498,1498,row_target_and_column_source,"G[target_index, source_index] = directed influence from source to target"
1499,1499,row_target_and_column_source,"G[target_index, source_index] = directed influence from source to target"
1500,1500,row_target_and_column_source,"G[target_index, source_index] = directed influence from source to target"
1501,1501,row_target_and_column_source,"G[target_index, source_index] = directed influence from source to target"
1502,1502,row_target_and_column_source,"G[target_index, source_index] = directed influence from source to target"
1503,1503,row_target_and_column_source,"G[target_index, source_index] = directed influence from source to target"
1504,1504,row_target_and_column_source,"G[target_index, source_index] = directed influence from source to target"
1505,1505,row_target_and_column_source,"G[target_index, source_index] = directed influence from source to target"
1506,1506,row_target_and_column_source,"G[target_index, source_index] = directed influence from source to target"
1507,1507,row_target_and_column_source,"G[target_index, source_index] = directed influence from source to target"
1508,1508,row_target_and_column_source,"G[target_index, source_index] = directed influence from source to target"
1509,1509,row_target_and_column_source,"G[target_index, source_index] = directed influence from source to target"
1510,1510,row_target_and_column_source,"G[target_index, source_index] = directed influence from source to target"
1511,1511,row_target_and_column_source,"G[target_index, source_index] = directed influence from source to target"
1512,1512,row_target_and_column_source,"G[target_index, source_index] = directed influence from source to target"
1513,1513,row_target_and_column_source,"G[target_index, source_index] = directed influence from source to target"
1514,1514,row_target_and_column_source,"G[target_index, source_index] = directed influence from source to target"
1515,1515,row_target_and_column_source,"G[target_index, source_index] = directed influence from source to target"
1516,1516,row_target_and_column_source,"G[target_index, source_index] = directed influence from source to target"
1517,1517,row_target_and_column_source,"G[target_index, source_index] = directed influence from source to target"
1518,1518,row_target_and_column_source,"G[target_index, source_index] = directed influence from source to target"
1519,1519,row_target_and_column_source,"G[target_index, source_index] = directed influence from source to target"
1520,1520,row_target_and_column_source,"G[target_index, source_index] = directed influence from source to target"
1521,1521,row_target_and_column_source,"G[target_index, source_index] = directed influence from source to target"
1522,1522,row_target_and_column_source,"G[target_index, source_index] = directed influence from source to target"
1523,1523,row_target_and_column_source,"G[target_index, source_index] = directed influence from source to target"
1524,1524,row_target_and_column_source,"G[target_index, source_index] = directed influence from source to target"
1525,1525,row_target_and_column_source,"G[target_index, source_index] = directed influence from source to target"
1526,1526,row_target_and_column_source,"G[target_index, source_index] = directed influence from source to target"
1527,1527,row_target_and_column_source,"G[target_index, source_index] = directed influence from source to target"
1528,1528,row_target_and_column_source,"G[target_index, source_index] = directed influence from source to target"
1529,1529,row_target_and_column_source,"G[target_index, source_index] = directed influence from source to target"
1530,1530,row_target_and_column_source,"G[target_index, source_index] = directed influence from source to target"
1531,1531,row_target_and_column_source,"G[target_index, source_index] = directed influence from source to target"
1532,1532,row_target_and_column_source,"G[target_index, source_index] = directed influence from source to target"
1533,1533,row_target_and_column_source,"G[target_index, source_index] = directed influence from source to target"
1534,1534,row_target_and_column_source,"G[target_index, source_index] = directed influence from source to target"
1535,1535,row_target_and_column_source,"G[target_index, source_index] = directed influence from source to target"
1536,1536,row_target_and_column_source,"G[target_index, source_index] = directed influence from source to target"
1537,1537,row_target_and_column_source,"G[target_index, source_index] = directed influence from source to target"
1538,1538,row_target_and_column_source,"G[target_index, source_index] = directed influence from source to target"
1539,1539,row_target_and_column_source,"G[target_index, source_index] = directed influence from source to target"
1540,1540,row_target_and_column_source,"G[target_index, source_index] = directed influence from source to target"
1541,1541,row_target_and_column_source,"G[target_index, source_index] = directed influence from source to target"
1542,1542,row_target_and_column_source,"G[target_index, source_index] = directed influence from source to target"
1543,1543,row_target_and_column_source,"G[target_index, source_index] = directed influence from source to target"
1544,1544,row_target_and_column_source,"G[target_index, source_index] = directed influence from source to target"
1545,1545,row_target_and_column_source,"G[target_index, source_index] = directed influence from source to target"
1546,1546,row_target_and_column_source,"G[target_index, source_index] = directed influence from source to target"
1547,1547,row_target_and_column_source,"G[target_index, source_index] = directed influence from source to target"
1548,1548,row_target_and_column_source,"G[target_index, source_index] = directed influence from source to target"
1549,1549,row_target_and_column_source,"G[target_index, source_index] = directed influence from source to target"
1550,1550,row_target_and_column_source,"G[target_index, source_index] = directed influence from source to target"
1551,1551,row_target_and_column_source,"G[target_index, source_index] = directed influence from source to target"
1552,1552,row_target_and_column_source,"G[target_index, source_index] = directed influence from source to target"
1553,1553,row_target_and_column_source,"G[target_index, source_index] = directed influence from source to target"
1554,1554,row_target_and_column_source,"G[target_index, source_index] = directed influence from source to target"
1555,1555,row_target_and_column_source,"G[target_index, source_index] = directed influence from source to target"
1556,1556,row_target_and_column_source,"G[target_index, source_index] = directed influence from source to target"
1557,1557,row_target_and_column_source,"G[target_index, source_index] = directed influence from source to target"
1558,1558,row_target_and_column_source,"G[target_index, source_index] = directed influence from source to target"
1559,1559,row_target_and_column_source,"G[target_index, source_index] = directed influence from source to target"
1560,1560,row_target_and_column_source,"G[target_index, source_index] = directed influence from source to target"
1561,1561,row_target_and_column_source,"G[target_index, source_index] = directed influence from source to target"
1562,1562,row_target_and_column_source,"G[target_index, source_index] = directed influence from source to target"
1563,1563,row_target_and_column_source,"G[target_index, source_index] = directed influence from source to target"
1564,1564,row_target_and_column_source,"G[target_index, source_index] = directed influence from source to target"
1565,1565,row_target_and_column_source,"G[target_index, source_index] = directed influence from source to target"
1566,1566,row_target_and_column_source,"G[target_index, source_index] = directed influence from source to target"
1567,1567,row_target_and_column_source,"G[target_index, source_index] = directed influence from source to target"
1568,1568,row_target_and_column_source,"G[target_index, source_index] = directed influence from source to target"
1569,1569,row_target_and_column_source,"G[target_index, source_index] = directed influence from source to target"
1570,1570,row_target_and_column_source,"G[target_index, source_index] = directed influence from source to target"
1571,1571,row_target_and_column_source,"G[target_index, source_index] = directed influence from source to target"
1572,1572,row_target_and_column_source,"G[target_index, source_index] = directed influence from source to target"
1573,1573,row_target_and_column_source,"G[target_index, source_index] = directed influence from source to target"
1574,1574,row_target_and_column_source,"G[target_index, source_index] = directed influence from source to target"
1575,1575,row_target_and_column_source,"G[target_index, source_index] = directed influence from source to target"
1576,1576,row_target_and_column_source,"G[target_index, source_index] = directed influence from source to target"
1577,1577,row_target_and_column_source,"G[target_index, source_index] = directed influence from source to target"
1578,1578,row_target_and_column_source,"G[target_index, source_index] = directed influence from source to target"
1579,1579,row_target_and_column_source,"G[target_index, source_index] = directed influence from source to target"
1580,1580,row_target_and_column_source,"G[target_index, source_index] = directed influence from source to target"
1581,1581,row_target_and_column_source,"G[target_index, source_index] = directed influence from source to target"
1582,1582,row_target_and_column_source,"G[target_index, source_index] = directed influence from source to target"
1583,1583,row_target_and_column_source,"G[target_index, source_index] = directed influence from source to target"
1584,1584,row_target_and_column_source,"G[target_index, source_index] = directed influence from source to target"
1585,1585,row_target_and_column_source,"G[target_index, source_index] = directed influence from source to target"
1586,1586,row_target_and_column_source,"G[target_index, source_index] = directed influence from source to target"
1587,1587,row_target_and_column_source,"G[target_index, source_index] = directed influence from source to target"
1588,1588,row_target_and_column_source,"G[target_index, source_index] = directed influence from source to target"
1589,1589,row_target_and_column_source,"G[target_index, source_index] = directed influence from source to target"
1590,1590,row_target_and_column_source,"G[target_index, source_index] = directed influence from source to target"
1591,1591,row_target_and_column_source,"G[target_index, source_index] = directed influence from source to target"
1592,1592,row_target_and_column_source,"G[target_index, source_index] = directed influence from source to target"
1593,1593,row_target_and_column_source,"G[target_index, source_index] = directed influence from source to target"
1594,1594,row_target_and_column_source,"G[target_index, source_index] = directed influence from source to target"
1595,1595,row_target_and_column_source,"G[target_index, source_index] = directed influence from source to target"
1596,1596,row_target_and_column_source,"G[target_index, source_index] = directed influence from source to target"
1597,1597,row_target_and_column_source,"G[target_index, source_index] = directed influence from source to target"
1598,1598,row_target_and_column_source,"G[target_index, source_index] = directed influence from source to target"
1599,1599,row_target_and_column_source,"G[target_index, source_index] = directed influence from source to target"
1600,1600,row_target_and_column_source,"G[target_index, source_index] = directed influence from source to target"
1601,1601,row_target_and_column_source,"G[target_index, source_index] = directed influence from source to target"
1602,1602,row_target_and_column_source,"G[target_index, source_index] = directed influence from source to target"
1603,1603,row_target_and_column_source,"G[target_index, source_index] = directed influence from source to target"
1604,1604,row_target_and_column_source,"G[target_index, source_index] = directed influence from source to target"
1605,1605,row_target_and_column_source,"G[target_index, source_index] = directed influence from source to target"
1606,1606,row_target_and_column_source,"G[target_index, source_index] = directed influence from source to target"
1607,1607,row_target_and_column_source,"G[target_index, source_index] = directed influence from source to target"
1608,1608,row_target_and_column_source,"G[target_index, source_index] = directed influence from source to target"
1609,1609,row_target_and_column_source,"G[target_index, source_index] = directed influence from source to target"
1610,1610,row_target_and_column_source,"G[target_index, source_index] = directed influence from source to target"
1611,1611,row_target_and_column_source,"G[target_index, source_index] = directed influence from source to target"
1612,1612,row_target_and_column_source,"G[target_index, source_index] = directed influence from source to target"
1613,1613,row_target_and_column_source,"G[target_index, source_index] = directed influence from source to target"
1614,1614,row_target_and_column_source,"G[target_index, source_index] = directed influence from source to target"
1615,1615,row_target_and_column_source,"G[target_index, source_index] = directed influence from source to target"
1616,1616,row_target_and_column_source,"G[target_index, source_index] = directed influence from source to target"
1617,1617,row_target_and_column_source,"G[target_index, source_index] = directed influence from source to target"
1618,1618,row_target_and_column_source,"G[target_index, source_index] = directed influence from source to target"
1619,1619,row_target_and_column_source,"G[target_index, source_index] = directed influence from source to target"
1620,1620,row_target_and_column_source,"G[target_index, source_index] = directed influence from source to target"
1621,1621,row_target_and_column_source,"G[target_index, source_index] = directed influence from source to target"
1622,1622,row_target_and_column_source,"G[target_index, source_index] = directed influence from source to target"
1623,1623,row_target_and_column_source,"G[target_index, source_index] = directed influence from source to target"
1624,1624,row_target_and_column_source,"G[target_index, source_index] = directed influence from source to target"
1625,1625,row_target_and_column_source,"G[target_index, source_index] = directed influence from source to target"
1626,1626,row_target_and_column_source,"G[target_index, source_index] = directed influence from source to target"
1627,1627,row_target_and_column_source,"G[target_index, source_index] = directed influence from source to target"
1628,1628,row_target_and_column_source,"G[target_index, source_index] = directed influence from source to target"
1629,1629,row_target_and_column_source,"G[target_index, source_index] = directed influence from source to target"
1630,1630,row_target_and_column_source,"G[target_index, source_index] = directed influence from source to target"
1631,1631,row_target_and_column_source,"G[target_index, source_index] = directed influence from source to target"
1632,1632,row_target_and_column_source,"G[target_index, source_index] = directed influence from source to target"
1633,1633,row_target_and_column_source,"G[target_index, source_index] = directed influence from source to target"
1634,1634,row_target_and_column_source,"G[target_index, source_index] = directed influence from source to target"
1635,1635,row_target_and_column_source,"G[target_index, source_index] = directed influence from source to target"
1636,1636,row_target_and_column_source,"G[target_index, source_index] = directed influence from source to target"
1637,1637,row_target_and_column_source,"G[target_index, source_index] = directed influence from source to target"
1638,1638,row_target_and_column_source,"G[target_index, source_index] = directed influence from source to target"
1639,1639,row_target_and_column_source,"G[target_index, source_index] = directed influence from source to target"
1640,1640,row_target_and_column_source,"G[target_index, source_index] = directed influence from source to target"
1641,1641,row_target_and_column_source,"G[target_index, source_index] = directed influence from source to target"
1642,1642,row_target_and_column_source,"G[target_index, source_index] = directed influence from source to target"
1643,1643,row_target_and_column_source,"G[target_index, source_index] = directed influence from source to target"
1644,1644,row_target_and_column_source,"G[target_index, source_index] = directed influence from source to target"
1645,1645,row_target_and_column_source,"G[target_index, source_index] = directed influence from source to target"
1646,1646,row_target_and_column_source,"G[target_index, source_index] = directed influence from source to target"
1647,1647,row_target_and_column_source,"G[target_index, source_index] = directed influence from source to target"
1648,1648,row_target_and_column_source,"G[target_index, source_index] = directed influence from source to target"
1649,1649,row_target_and_column_source,"G[target_index, source_index] = directed influence from source to target"
1650,1650,row_target_and_column_source,"G[target_index, source_index] = directed influence from source to target"
1651,1651,row_target_and_column_source,"G[target_index, source_index] = directed influence from source to target"
1652,1652,row_target_and_column_source,"G[target_index, source_index] = directed influence from source to target"
1653,1653,row_target_and_column_source,"G[target_index, source_index] = directed influence from source to target"
1654,1654,row_target_and_column_source,"G[target_index, source_index] = directed influence from source to target"
1655,1655,row_target_and_column_source,"G[target_index, source_index] = directed influence from source to target"
1656,1656,row_target_and_column_source,"G[target_index, source_index] = directed influence from source to target"
1657,1657,row_target_and_column_source,"G[target_index, source_index] = directed influence from source to target"
1658,1658,row_target_and_column_source,"G[target_index, source_index] = directed influence from source to target"
1659,1659,row_target_and_column_source,"G[target_index, source_index] = directed influence from source to target"
1660,1660,row_target_and_column_source,"G[target_index, source_index] = directed influence from source to target"
1661,1661,row_target_and_column_source,"G[target_index, source_index] = directed influence from source to target"
1662,1662,row_target_and_column_source,"G[target_index, source_index] = directed influence from source to target"
1663,1663,row_target_and_column_source,"G[target_index, source_index] = directed influence from source to target"
1664,1664,row_target_and_column_source,"G[target_index, source_index] = directed influence from source to target"
1665,1665,row_target_and_column_source,"G[target_index, source_index] = directed influence from source to target"
1666,1666,row_target_and_column_source,"G[target_index, source_index] = directed influence from source to target"
1667,1667,row_target_and_column_source,"G[target_index, source_index] = directed influence from source to target"
1668,1668,row_target_and_column_source,"G[target_index, source_index] = directed influence from source to target"
1669,1669,row_target_and_column_source,"G[target_index, source_index] = directed influence from source to target"
1670,1670,row_target_and_column_source,"G[target_index, source_index] = directed influence from source to target"
1671,1671,row_target_and_column_source,"G[target_index, source_index] = directed influence from source to target"
1672,1672,row_target_and_column_source,"G[target_index, source_index] = directed influence from source to target"
1673,1673,row_target_and_column_source,"G[target_index, source_index] = directed influence from source to target"
1674,1674,row_target_and_column_source,"G[target_index, source_index] = directed influence from source to target"
1675,1675,row_target_and_column_source,"G[target_index, source_index] = directed influence from source to target"
1676,1676,row_target_and_column_source,"G[target_index, source_index] = directed influence from source to target"
1677,1677,row_target_and_column_source,"G[target_index, source_index] = directed influence from source to target"
1678,1678,row_target_and_column_source,"G[target_index, source_index] = directed influence from source to target"
1679,1679,row_target_and_column_source,"G[target_index, source_index] = directed influence from source to target"
1680,1680,row_target_and_column_source,"G[target_index, source_index] = directed influence from source to target"
1681,1681,row_target_and_column_source,"G[target_index, source_index] = directed influence from source to target"
1682,1682,row_target_and_column_source,"G[target_index, source_index] = directed influence from source to target"
1683,1683,row_target_and_column_source,"G[target_index, source_index] = directed influence from source to target"
1684,1684,row_target_and_column_source,"G[target_index, source_index] = directed influence from source to target"
1685,1685,row_target_and_column_source,"G[target_index, source_index] = directed influence from source to target"
1686,1686,row_target_and_column_source,"G[target_index, source_index] = directed influence from source to target"
1687,1687,row_target_and_column_source,"G[target_index, source_index] = directed influence from source to target"
1688,1688,row_target_and_column_source,"G[target_index, source_index] = directed influence from source to target"
1689,1689,row_target_and_column_source,"G[target_index, source_index] = directed influence from source to target"
1690,1690,row_target_and_column_source,"G[target_index, source_index] = directed influence from source to target"
1691,1691,row_target_and_column_source,"G[target_index, source_index] = directed influence from source to target"
1692,1692,row_target_and_column_source,"G[target_index, source_index] = directed influence from source to target"
1693,1693,row_target_and_column_source,"G[target_index, source_index] = directed influence from source to target"
1694,1694,row_target_and_column_source,"G[target_index, source_index] = directed influence from source to target"
1695,1695,row_target_and_column_source,"G[target_index, source_index] = directed influence from source to target"
1696,1696,row_target_and_column_source,"G[target_index, source_index] = directed influence from source to target"
1697,1697,row_target_and_column_source,"G[target_index, source_index] = directed influence from source to target"
1698,1698,row_target_and_column_source,"G[target_index, source_index] = directed influence from source to target"
1699,1699,row_target_and_column_source,"G[target_index, source_index] = directed influence from source to target"
1700,1700,row_target_and_column_source,"G[target_index, source_index] = directed influence from source to target"
1701,1701,row_target_and_column_source,"G[target_index, source_index] = directed influence from source to target"
1702,1702,row_target_and_column_source,"G[target_index, source_index] = directed influence from source to target"
1703,1703,row_target_and_column_source,"G[target_index, source_index] = directed influence from source to target"
1704,1704,row_target_and_column_source,"G[target_index, source_index] = directed influence from source to target"
1705,1705,row_target_and_column_source,"G[target_index, source_index] = directed influence from source to target"
1706,1706,row_target_and_column_source,"G[target_index, source_index] = directed influence from source to target"
1707,1707,row_target_and_column_source,"G[target_index, source_index] = directed influence from source to target"
1708,1708,row_target_and_column_source,"G[target_index, source_index] = directed influence from source to target"
1709,1709,row_target_and_column_source,"G[target_index, source_index] = directed influence from source to target"
1710,1710,row_target_and_column_source,"G[target_index, source_index] = directed influence from source to target"
1711,1711,row_target_and_column_source,"G[target_index, source_index] = directed influence from source to target"
1712,1712,row_target_and_column_source,"G[target_index, source_index] = directed influence from source to target"
1713,1713,row_target_and_column_source,"G[target_index, source_index] = directed influence from source to target"
1714,1714,row_target_and_column_source,"G[target_index, source_index] = directed influence from source to target"
1715,1715,row_target_and_column_source,"G[target_index, source_index] = directed influence from source to target"
1716,1716,row_target_and_column_source,"G[target_index, source_index] = directed influence from source to target"
1717,1717,row_target_and_column_source,"G[target_index, source_index] = directed influence from source to target"
1718,1718,row_target_and_column_source,"G[target_index, source_index] = directed influence from source to target"
1719,1719,row_target_and_column_source,"G[target_index, source_index] = directed influence from source to target"
1720,1720,row_target_and_column_source,"G[target_index, source_index] = directed influence from source to target"
1721,1721,row_target_and_column_source,"G[target_index, source_index] = directed influence from source to target"
1722,1722,row_target_and_column_source,"G[target_index, source_index] = directed influence from source to target"
1723,1723,row_target_and_column_source,"G[target_index, source_index] = directed influence from source to target"
1724,1724,row_target_and_column_source,"G[target_index, source_index] = directed influence from source to target"
1725,1725,row_target_and_column_source,"G[target_index, source_index] = directed influence from source to target"
1726,1726,row_target_and_column_source,"G[target_index, source_index] = directed influence from source to target"
1727,1727,row_target_and_column_source,"G[target_index, source_index] = directed influence from source to target"
1728,1728,row_target_and_column_source,"G[target_index, source_index] = directed influence from source to target"
1729,1729,row_target_and_column_source,"G[target_index, source_index] = directed influence from source to target"
1730,1730,row_target_and_column_source,"G[target_index, source_index] = directed influence from source to target"
1731,1731,row_target_and_column_source,"G[target_index, source_index] = directed influence from source to target"
1732,1732,row_target_and_column_source,"G[target_index, source_index] = directed influence from source to target"
1733,1733,row_target_and_column_source,"G[target_index, source_index] = directed influence from source to target"
1734,1734,row_target_and_column_source,"G[target_index, source_index] = directed influence from source to target"
1735,1735,row_target_and_column_source,"G[target_index, source_index] = directed influence from source to target"
1736,1736,row_target_and_column_source,"G[target_index, source_index] = directed influence from source to target"
1737,1737,row_target_and_column_source,"G[target_index, source_index] = directed influence from source to target"
1738,1738,row_target_and_column_source,"G[target_index, source_index] = directed influence from source to target"
1739,1739,row_target_and_column_source,"G[target_index, source_index] = directed influence from source to target"
1740,1740,row_target_and_column_source,"G[target_index, source_index] = directed influence from source to target"
1741,1741,row_target_and_column_source,"G[target_index, source_index] = directed influence from source to target"
1742,1742,row_target_and_column_source,"G[target_index, source_index] = directed influence from source to target"
1743,1743,row_target_and_column_source,"G[target_index, source_index] = directed influence from source to target"
1744,1744,row_target_and_column_source,"G[target_index, source_index] = directed influence from source to target"
1745,1745,row_target_and_column_source,"G[target_index, source_index] = directed influence from source to target"
1746,1746,row_target_and_column_source,"G[target_index, source_index] = directed influence from source to target"
1747,1747,row_target_and_column_source,"G[target_index, source_index] = directed influence from source to target"
1748,1748,row_target_and_column_source,"G[target_index, source_index] = directed influence from source to target"
1749,1749,row_target_and_column_source,"G[target_index, source_index] = directed influence from source to target"
1750,1750,row_target_and_column_source,"G[target_index, source_index] = directed influence from source to target"
1751,1751,row_target_and_column_source,"G[target_index, source_index] = directed influence from source to target"
1752,1752,row_target_and_column_source,"G[target_index, source_index] = directed influence from source to target"
1753,1753,row_target_and_column_source,"G[target_index, source_index] = directed influence from source to target"
1754,1754,row_target_and_column_source,"G[target_index, source_index] = directed influence from source to target"
1755,1755,row_target_and_column_source,"G[target_index, source_index] = directed influence from source to target"
1756,1756,row_target_and_column_source,"G[target_index, source_index] = directed influence from source to target"
1757,1757,row_target_and_column_source,"G[target_index, source_index] = directed influence from source to target"
1758,1758,row_target_and_column_source,"G[target_index, source_index] = directed influence from source to target"
1759,1759,row_target_and_column_source,"G[target_index, source_index] = directed influence from source to target"
1760,1760,row_target_and_column_source,"G[target_index, source_index] = directed influence from source to target"
1761,1761,row_target_and_column_source,"G[target_index, source_index] = directed influence from source to target"
1762,1762,row_target_and_column_source,"G[target_index, source_index] = directed influence from source to target"
1763,1763,row_target_and_column_source,"G[target_index, source_index] = directed influence from source to target"
1764,1764,row_target_and_column_source,"G[target_index, source_index] = directed influence from source to target"
1765,1765,row_target_and_column_source,"G[target_index, source_index] = directed influence from source to target"
1766,1766,row_target_and_column_source,"G[target_index, source_index] = directed influence from source to target"
1767,1767,row_target_and_column_source,"G[target_index, source_index] = directed influence from source to target"
1768,1768,row_target_and_column_source,"G[target_index, source_index] = directed influence from source to target"
1769,1769,row_target_and_column_source,"G[target_index, source_index] = directed influence from source to target"
1770,1770,row_target_and_column_source,"G[target_index, source_index] = directed influence from source to target"
1771,1771,row_target_and_column_source,"G[target_index, source_index] = directed influence from source to target"
1772,1772,row_target_and_column_source,"G[target_index, source_index] = directed influence from source to target"
1773,1773,row_target_and_column_source,"G[target_index, source_index] = directed influence from source to target"
1774,1774,row_target_and_column_source,"G[target_index, source_index] = directed influence from source to target"
1775,1775,row_target_and_column_source,"G[target_index, source_index] = directed influence from source to target"
1776,1776,row_target_and_column_source,"G[target_index, source_index] = directed influence from source to target"
1777,1777,row_target_and_column_source,"G[target_index, source_index] = directed influence from source to target"
1778,1778,row_target_and_column_source,"G[target_index, source_index] = directed influence from source to target"
1779,1779,row_target_and_column_source,"G[target_index, source_index] = directed influence from source to target"
1780,1780,row_target_and_column_source,"G[target_index, source_index] = directed influence from source to target"
1781,1781,row_target_and_column_source,"G[target_index, source_index] = directed influence from source to target"
1782,1782,row_target_and_column_source,"G[target_index, source_index] = directed influence from source to target"
1783,1783,row_target_and_column_source,"G[target_index, source_index] = directed influence from source to target"
1784,1784,row_target_and_column_source,"G[target_index, source_index] = directed influence from source to target"
1785,1785,row_target_and_column_source,"G[target_index, source_index] = directed influence from source to target"
1786,1786,row_target_and_column_source,"G[target_index, source_index] = directed influence from source to target"
1787,1787,row_target_and_column_source,"G[target_index, source_index] = directed influence from source to target"
1788,1788,row_target_and_column_source,"G[target_index, source_index] = directed influence from source to target"
1789,1789,row_target_and_column_source,"G[target_index, source_index] = directed influence from source to target"
1790,1790,row_target_and_column_source,"G[target_index, source_index] = directed influence from source to target"
1791,1791,row_target_and_column_source,"G[target_index, source_index] = directed influence from source to target"
1792,1792,row_target_and_column_source,"G[target_index, source_index] = directed influence from source to target"
1793,1793,row_target_and_column_source,"G[target_index, source_index] = directed influence from source to target"
1794,1794,row_target_and_column_source,"G[target_index, source_index] = directed influence from source to target"
1795,1795,row_target_and_column_source,"G[target_index, source_index] = directed influence from source to target"
1796,1796,row_target_and_column_source,"G[target_index, source_index] = directed influence from source to target"
1797,1797,row_target_and_column_source,"G[target_index, source_index] = directed influence from source to target"
1798,1798,row_target_and_column_source,"G[target_index, source_index] = directed influence from source to target"
1799,1799,row_target_and_column_source,"G[target_index, source_index] = directed influence from source to target"
1800,1800,row_target_and_column_source,"G[target_index, source_index] = directed influence from source to target"
1801,1801,row_target_and_column_source,"G[target_index, source_index] = directed influence from source to target"
1802,1802,row_target_and_column_source,"G[target_index, source_index] = directed influence from source to target"
1803,1803,row_target_and_column_source,"G[target_index, source_index] = directed influence from source to target"
1804,1804,row_target_and_column_source,"G[target_index, source_index] = directed influence from source to target"
1805,1805,row_target_and_column_source,"G[target_index, source_index] = directed influence from source to target"
1806,1806,row_target_and_column_source,"G[target_index, source_index] = directed influence from source to target"
1807,1807,row_target_and_column_source,"G[target_index, source_index] = directed influence from source to target"
1808,1808,row_target_and_column_source,"G[target_index, source_index] = directed influence from source to target"
1809,1809,row_target_and_column_source,"G[target_index, source_index] = directed influence from source to target"
1810,1810,row_target_and_column_source,"G[target_index, source_index] = directed influence from source to target"
1811,1811,row_target_and_column_source,"G[target_index, source_index] = directed influence from source to target"
1812,1812,row_target_and_column_source,"G[target_index, source_index] = directed influence from source to target"
1813,1813,row_target_and_column_source,"G[target_index, source_index] = directed influence from source to target"
1814,1814,row_target_and_column_source,"G[target_index, source_index] = directed influence from source to target"
1815,1815,row_target_and_column_source,"G[target_index, source_index] = directed influence from source to target"
1816,1816,row_target_and_column_source,"G[target_index, source_index] = directed influence from source to target"
1817,1817,row_target_and_column_source,"G[target_index, source_index] = directed influence from source to target"
1818,1818,row_target_and_column_source,"G[target_index, source_index] = directed influence from source to target"
1819,1819,row_target_and_column_source,"G[target_index, source_index] = directed influence from source to target"
1820,1820,row_target_and_column_source,"G[target_index, source_index] = directed influence from source to target"
1821,1821,row_target_and_column_source,"G[target_index, source_index] = directed influence from source to target"
1822,1822,row_target_and_column_source,"G[target_index, source_index] = directed influence from source to target"
1823,1823,row_target_and_column_source,"G[target_index, source_index] = directed influence from source to target"
1824,1824,row_target_and_column_source,"G[target_index, source_index] = directed influence from source to target"
1825,1825,row_target_and_column_source,"G[target_index, source_index] = directed influence from source to target"
1826,1826,row_target_and_column_source,"G[target_index, source_index] = directed influence from source to target"
1827,1827,row_target_and_column_source,"G[target_index, source_index] = directed influence from source to target"
1828,1828,row_target_and_column_source,"G[target_index, source_index] = directed influence from source to target"
1829,1829,row_target_and_column_source,"G[target_index, source_index] = directed influence from source to target"
1830,1830,row_target_and_column_source,"G[target_index, source_index] = directed influence from source to target"
1831,1831,row_target_and_column_source,"G[target_index, source_index] = directed influence from source to target"
1832,1832,row_target_and_column_source,"G[target_index, source_index] = directed influence from source to target"
1833,1833,row_target_and_column_source,"G[target_index, source_index] = directed influence from source to target"
1834,1834,row_target_and_column_source,"G[target_index, source_index] = directed influence from source to target"
1835,1835,row_target_and_column_source,"G[target_index, source_index] = directed influence from source to target"
1836,1836,row_target_and_column_source,"G[target_index, source_index] = directed influence from source to target"
1837,1837,row_target_and_column_source,"G[target_index, source_index] = directed influence from source to target"
1838,1838,row_target_and_column_source,"G[target_index, source_index] = directed influence from source to target"
1839,1839,row_target_and_column_source,"G[target_index, source_index] = directed influence from source to target"
1840,1840,row_target_and_column_source,"G[target_index, source_index] = directed influence from source to target"
1841,1841,row_target_and_column_source,"G[target_index, source_index] = directed influence from source to target"
1842,1842,row_target_and_column_source,"G[target_index, source_index] = directed influence from source to target"
1843,1843,row_target_and_column_source,"G[target_index, source_index] = directed influence from source to target"
1844,1844,row_target_and_column_source,"G[target_index, source_index] = directed influence from source to target"
1845,1845,row_target_and_column_source,"G[target_index, source_index] = directed influence from source to target"
1846,1846,row_target_and_column_source,"G[target_index, source_index] = directed influence from source to target"
1847,1847,row_target_and_column_source,"G[target_index, source_index] = directed influence from source to target"
1848,1848,row_target_and_column_source,"G[target_index, source_index] = directed influence from source to target"
1849,1849,row_target_and_column_source,"G[target_index, source_index] = directed influence from source to target"
1850,1850,row_target_and_column_source,"G[target_index, source_index] = directed influence from source to target"
1851,1851,row_target_and_column_source,"G[target_index, source_index] = directed influence from source to target"
1852,1852,row_target_and_column_source,"G[target_index, source_index] = directed influence from source to target"
1853,1853,row_target_and_column_source,"G[target_index, source_index] = directed influence from source to target"
1854,1854,row_target_and_column_source,"G[target_index, source_index] = directed influence from source to target"
1855,1855,row_target_and_column_source,"G[target_index, source_index] = directed influence from source to target"
1856,1856,row_target_and_column_source,"G[target_index, source_index] = directed influence from source to target"
1857,1857,row_target_and_column_source,"G[target_index, source_index] = directed influence from source to target"
1858,1858,row_target_and_column_source,"G[target_index, source_index] = directed influence from source to target"
1859,1859,row_target_and_column_source,"G[target_index, source_index] = directed influence from source to target"
1860,1860,row_target_and_column_source,"G[target_index, source_index] = directed influence from source to target"
1861,1861,row_target_and_column_source,"G[target_index, source_index] = directed influence from source to target"
1862,1862,row_target_and_column_source,"G[target_index, source_index] = directed influence from source to target"
1863,1863,row_target_and_column_source,"G[target_index, source_index] = directed influence from source to target"
1864,1864,row_target_and_column_source,"G[target_index, source_index] = directed influence from source to target"
1865,1865,row_target_and_column_source,"G[target_index, source_index] = directed influence from source to target"
1866,1866,row_target_and_column_source,"G[target_index, source_index] = directed influence from source to target"
1867,1867,row_target_and_column_source,"G[target_index, source_index] = directed influence from source to target"
1868,1868,row_target_and_column_source,"G[target_index, source_index] = directed influence from source to target"
1869,1869,row_target_and_column_source,"G[target_index, source_index] = directed influence from source to target"
1870,1870,row_target_and_column_source,"G[target_index, source_index] = directed influence from source to target"
1871,1871,row_target_and_column_source,"G[target_index, source_index] = directed influence from source to target"
1872,1872,row_target_and_column_source,"G[target_index, source_index] = directed influence from source to target"
1873,1873,row_target_and_column_source,"G[target_index, source_index] = directed influence from source to target"
1874,1874,row_target_and_column_source,"G[target_index, source_index] = directed influence from source to target"
1875,1875,row_target_and_column_source,"G[target_index, source_index] = directed influence from source to target"
1876,1876,row_target_and_column_source,"G[target_index, source_index] = directed influence from source to target"
1877,1877,row_target_and_column_source,"G[target_index, source_index] = directed influence from source to target"
1878,1878,row_target_and_column_source,"G[target_index, source_index] = directed influence from source to target"
1879,1879,row_target_and_column_source,"G[target_index, source_index] = directed influence from source to target"
1880,1880,row_target_and_column_source,"G[target_index, source_index] = directed influence from source to target"
1881,1881,row_target_and_column_source,"G[target_index, source_index] = directed influence from source to target"
1882,1882,row_target_and_column_source,"G[target_index, source_index] = directed influence from source to target"
1883,1883,row_target_and_column_source,"G[target_index, source_index] = directed influence from source to target"
1884,1884,row_target_and_column_source,"G[target_index, source_index] = directed influence from source to target"
1885,1885,row_target_and_column_source,"G[target_index, source_index] = directed influence from source to target"
1886,1886,row_target_and_column_source,"G[target_index, source_index] = directed influence from source to target"
1887,1887,row_target_and_column_source,"G[target_index, source_index] = directed influence from source to target"
1888,1888,row_target_and_column_source,"G[target_index, source_index] = directed influence from source to target"
1889,1889,row_target_and_column_source,"G[target_index, source_index] = directed influence from source to target"
1890,1890,row_target_and_column_source,"G[target_index, source_index] = directed influence from source to target"
1891,1891,row_target_and_column_source,"G[target_index, source_index] = directed influence from source to target"
1892,1892,row_target_and_column_source,"G[target_index, source_index] = directed influence from source to target"
1893,1893,row_target_and_column_source,"G[target_index, source_index] = directed influence from source to target"
1894,1894,row_target_and_column_source,"G[target_index, source_index] = directed influence from source to target"
1895,1895,row_target_and_column_source,"G[target_index, source_index] = directed influence from source to target"
1896,1896,row_target_and_column_source,"G[target_index, source_index] = directed influence from source to target"
1897,1897,row_target_and_column_source,"G[target_index, source_index] = directed influence from source to target"
1898,1898,row_target_and_column_source,"G[target_index, source_index] = directed influence from source to target"
1899,1899,row_target_and_column_source,"G[target_index, source_index] = directed influence from source to target"
1900,1900,row_target_and_column_source,"G[target_index, source_index] = directed influence from source to target"
1901,1901,row_target_and_column_source,"G[target_index, source_index] = directed influence from source to target"
1902,1902,row_target_and_column_source,"G[target_index, source_index] = directed influence from source to target"
1903,1903,row_target_and_column_source,"G[target_index, source_index] = directed influence from source to target"
1904,1904,row_target_and_column_source,"G[target_index, source_index] = directed influence from source to target"
1905,1905,row_target_and_column_source,"G[target_index, source_index] = directed influence from source to target"
1906,1906,row_target_and_column_source,"G[target_index, source_index] = directed influence from source to target"
1907,1907,row_target_and_column_source,"G[target_index, source_index] = directed influence from source to target"
1908,1908,row_target_and_column_source,"G[target_index, source_index] = directed influence from source to target"
1909,1909,row_target_and_column_source,"G[target_index, source_index] = directed influence from source to target"
1910,1910,row_target_and_column_source,"G[target_index, source_index] = directed influence from source to target"
1911,1911,row_target_and_column_source,"G[target_index, source_index] = directed influence from source to target"
1912,1912,row_target_and_column_source,"G[target_index, source_index] = directed influence from source to target"
1913,1913,row_target_and_column_source,"G[target_index, source_index] = directed influence from source to target"
1914,1914,row_target_and_column_source,"G[target_index, source_index] = directed influence from source to target"
1915,1915,row_target_and_column_source,"G[target_index, source_index] = directed influence from source to target"
1916,1916,row_target_and_column_source,"G[target_index, source_index] = directed influence from source to target"
1917,1917,row_target_and_column_source,"G[target_index, source_index] = directed influence from source to target"
1918,1918,row_target_and_column_source,"G[target_index, source_index] = directed influence from source to target"
1919,1919,row_target_and_column_source,"G[target_index, source_index] = directed influence from source to target"
1920,1920,row_target_and_column_source,"G[target_index, source_index] = directed influence from source to target"
1921,1921,row_target_and_column_source,"G[target_index, source_index] = directed influence from source to target"
1922,1922,row_target_and_column_source,"G[target_index, source_index] = directed influence from source to target"
1923,1923,row_target_and_column_source,"G[target_index, source_index] = directed influence from source to target"
1924,1924,row_target_and_column_source,"G[target_index, source_index] = directed influence from source to target"
1925,1925,row_target_and_column_source,"G[target_index, source_index] = directed influence from source to target"
1926,1926,row_target_and_column_source,"G[target_index, source_index] = directed influence from source to target"
1927,1927,row_target_and_column_source,"G[target_index, source_index] = directed influence from source to target"
1928,1928,row_target_and_column_source,"G[target_index, source_index] = directed influence from source to target"
1929,1929,row_target_and_column_source,"G[target_index, source_index] = directed influence from source to target"
1930,1930,row_target_and_column_source,"G[target_index, source_index] = directed influence from source to target"
1931,1931,row_target_and_column_source,"G[target_index, source_index] = directed influence from source to target"
1932,1932,row_target_and_column_source,"G[target_index, source_index] = directed influence from source to target"
1933,1933,row_target_and_column_source,"G[target_index, source_index] = directed influence from source to target"
1934,1934,row_target_and_column_source,"G[target_index, source_index] = directed influence from source to target"
1935,1935,row_target_and_column_source,"G[target_index, source_index] = directed influence from source to target"
1936,1936,row_target_and_column_source,"G[target_index, source_index] = directed influence from source to target"
1937,1937,row_target_and_column_source,"G[target_index, source_index] = directed influence from source to target"
1938,1938,row_target_and_column_source,"G[target_index, source_index] = directed influence from source to target"
1939,1939,row_target_and_column_source,"G[target_index, source_index] = directed influence from source to target"
1940,1940,row_target_and_column_source,"G[target_index, source_index] = directed influence from source to target"
1941,1941,row_target_and_column_source,"G[target_index, source_index] = directed influence from source to target"
1942,1942,row_target_and_column_source,"G[target_index, source_index] = directed influence from source to target"
1943,1943,row_target_and_column_source,"G[target_index, source_index] = directed influence from source to target"
1944,1944,row_target_and_column_source,"G[target_index, source_index] = directed influence from source to target"
1945,1945,row_target_and_column_source,"G[target_index, source_index] = directed influence from source to target"
1946,1946,row_target_and_column_source,"G[target_index, source_index] = directed influence from source to target"
1947,1947,row_target_and_column_source,"G[target_index, source_index] = directed influence from source to target"
1948,1948,row_target_and_column_source,"G[target_index, source_index] = directed influence from source to target"
1949,1949,row_target_and_column_source,"G[target_index, source_index] = directed influence from source to target"
1950,1950,row_target_and_column_source,"G[target_index, source_index] = directed influence from source to target"
1951,1951,row_target_and_column_source,"G[target_index, source_index] = directed influence from source to target"
1952,1952,row_target_and_column_source,"G[target_index, source_index] = directed influence from source to target"
1953,1953,row_target_and_column_source,"G[target_index, source_index] = directed influence from source to target"
1954,1954,row_target_and_column_source,"G[target_index, source_index] = directed influence from source to target"
1955,1955,row_target_and_column_source,"G[target_index, source_index] = directed influence from source to target"
1956,1956,row_target_and_column_source,"G[target_index, source_index] = directed influence from source to target"
1957,1957,row_target_and_column_source,"G[target_index, source_index] = directed influence from source to target"
1958,1958,row_target_and_column_source,"G[target_index, source_index] = directed influence from source to target"
1959,1959,row_target_and_column_source,"G[target_index, source_index] = directed influence from source to target"
1960,1960,row_target_and_column_source,"G[target_index, source_index] = directed influence from source to target"
1961,1961,row_target_and_column_source,"G[target_index, source_index] = directed influence from source to target"
1962,1962,row_target_and_column_source,"G[target_index, source_index] = directed influence from source to target"
1963,1963,row_target_and_column_source,"G[target_index, source_index] = directed influence from source to target"
1964,1964,row_target_and_column_source,"G[target_index, source_index] = directed influence from source to target"
1965,1965,row_target_and_column_source,"G[target_index, source_index] = directed influence from source to target"
1966,1966,row_target_and_column_source,"G[target_index, source_index] = directed influence from source to target"
1967,1967,row_target_and_column_source,"G[target_index, source_index] = directed influence from source to target"
1968,1968,row_target_and_column_source,"G[target_index, source_index] = directed influence from source to target"
1969,1969,row_target_and_column_source,"G[target_index, source_index] = directed influence from source to target"
1970,1970,row_target_and_column_source,"G[target_index, source_index] = directed influence from source to target"
1971,1971,row_target_and_column_source,"G[target_index, source_index] = directed influence from source to target"
1972,1972,row_target_and_column_source,"G[target_index, source_index] = directed influence from source to target"
1973,1973,row_target_and_column_source,"G[target_index, source_index] = directed influence from source to target"
1974,1974,row_target_and_column_source,"G[target_index, source_index] = directed influence from source to target"
1975,1975,row_target_and_column_source,"G[target_index, source_index] = directed influence from source to target"
1976,1976,row_target_and_column_source,"G[target_index, source_index] = directed influence from source to target"
1977,1977,row_target_and_column_source,"G[target_index, source_index] = directed influence from source to target"
1978,1978,row_target_and_column_source,"G[target_index, source_index] = directed influence from source to target"
1979,1979,row_target_and_column_source,"G[target_index, source_index] = directed influence from source to target"
1980,1980,row_target_and_column_source,"G[target_index, source_index] = directed influence from source to target"
1981,1981,row_target_and_column_source,"G[target_index, source_index] = directed influence from source to target"
1982,1982,row_target_and_column_source,"G[target_index, source_index] = directed influence from source to target"
1983,1983,row_target_and_column_source,"G[target_index, source_index] = directed influence from source to target"
1984,1984,row_target_and_column_source,"G[target_index, source_index] = directed influence from source to target"
1985,1985,row_target_and_column_source,"G[target_index, source_index] = directed influence from source to target"
1986,1986,row_target_and_column_source,"G[target_index, source_index] = directed influence from source to target"
1987,1987,row_target_and_column_source,"G[target_index, source_index] = directed influence from source to target"
1988,1988,row_target_and_column_source,"G[target_index, source_index] = directed influence from source to target"
1989,1989,row_target_and_column_source,"G[target_index, source_index] = directed influence from source to target"
1990,1990,row_target_and_column_source,"G[target_index, source_index] = directed influence from source to target"
1991,1991,row_target_and_column_source,"G[target_index, source_index] = directed influence from source to target"
1992,1992,row_target_and_column_source,"G[target_index, source_index] = directed influence from source to target"
1993,1993,row_target_and_column_source,"G[target_index, source_index] = directed influence from source to target"
1994,1994,row_target_and_column_source,"G[target_index, source_index] = directed influence from source to target"
1995,1995,row_target_and_column_source,"G[target_index, source_index] = directed influence from source to target"
1996,1996,row_target_and_column_source,"G[target_index, source_index] = directed influence from source to target"
1997,1997,row_target_and_column_source,"G[target_index, source_index] = directed influence from source to target"
1998,1998,row_target_and_column_source,"G[target_index, source_index] = directed influence from source to target"
1999,1999,row_target_and_column_source,"G[target_index, source_index] = directed influence from source to target"
2000,2000,row_target_and_column_source,"G[target_index, source_index] = directed influence from source to target"
2001,2001,row_target_and_column_source,"G[target_index, source_index] = directed influence from source to target"
2002,2002,row_target_and_column_source,"G[target_index, source_index] = directed influence from source to target"
2003,2003,row_target_and_column_source,"G[target_index, source_index] = directed influence from source to target"
2004,2004,row_target_and_column_source,"G[target_index, source_index] = directed influence from source to target"
2005,2005,row_target_and_column_source,"G[target_index, source_index] = directed influence from source to target"
2006,2006,row_target_and_column_source,"G[target_index, source_index] = directed influence from source to target"
2007,2007,row_target_and_column_source,"G[target_index, source_index] = directed influence from source to target"
2008,2008,row_target_and_column_source,"G[target_index, source_index] = directed influence from source to target"
2009,2009,row_target_and_column_source,"G[target_index, source_index] = directed influence from source to target"
2010,2010,row_target_and_column_source,"G[target_index, source_index] = directed influence from source to target"
2011,2011,row_target_and_column_source,"G[target_index, source_index] = directed influence from source to target"
2012,2012,row_target_and_column_source,"G[target_index, source_index] = directed influence from source to target"
2013,2013,row_target_and_column_source,"G[target_index, source_index] = directed influence from source to target"
2014,2014,row_target_and_column_source,"G[target_index, source_index] = directed influence from source to target"
2015,2015,row_target_and_column_source,"G[target_index, source_index] = directed influence from source to target"
2016,2016,row_target_and_column_source,"G[target_index, source_index] = directed influence from source to target"
2017,2017,row_target_and_column_source,"G[target_index, source_index] = directed influence from source to target"
2018,2018,row_target_and_column_source,"G[target_index, source_index] = directed influence from source to target"
2019,2019,row_target_and_column_source,"G[target_index, source_index] = directed influence from source to target"
2020,2020,row_target_and_column_source,"G[target_index, source_index] = directed influence from source to target"
2021,2021,row_target_and_column_source,"G[target_index, source_index] = directed influence from source to target"
2022,2022,row_target_and_column_source,"G[target_index, source_index] = directed influence from source to target"
2023,2023,row_target_and_column_source,"G[target_index, source_index] = directed influence from source to target"
2024,2024,row_target_and_column_source,"G[target_index, source_index] = directed influence from source to target"
2025,2025,row_target_and_column_source,"G[target_index, source_index] = directed influence from source to target"
2026,2026,row_target_and_column_source,"G[target_index, source_index] = directed influence from source to target"
2027,2027,row_target_and_column_source,"G[target_index, source_index] = directed influence from source to target"
2028,2028,row_target_and_column_source,"G[target_index, source_index] = directed influence from source to target"
2029,2029,row_target_and_column_source,"G[target_index, source_index] = directed influence from source to target"
2030,2030,row_target_and_column_source,"G[target_index, source_index] = directed influence from source to target"
2031,2031,row_target_and_column_source,"G[target_index, source_index] = directed influence from source to target"
2032,2032,row_target_and_column_source,"G[target_index, source_index] = directed influence from source to target"
2033,2033,row_target_and_column_source,"G[target_index, source_index] = directed influence from source to target"
2034,2034,row_target_and_column_source,"G[target_index, source_index] = directed influence from source to target"
2035,2035,row_target_and_column_source,"G[target_index, source_index] = directed influence from source to target"
2036,2036,row_target_and_column_source,"G[target_index, source_index] = directed influence from source to target"
2037,2037,row_target_and_column_source,"G[target_index, source_index] = directed influence from source to target"
2038,2038,row_target_and_column_source,"G[target_index, source_index] = directed influence from source to target"
2039,2039,row_target_and_column_source,"G[target_index, source_index] = directed influence from source to target"
2040,2040,row_target_and_column_source,"G[target_index, source_index] = directed influence from source to target"
2041,2041,row_target_and_column_source,"G[target_index, source_index] = directed influence from source to target"
2042,2042,row_target_and_column_source,"G[target_index, source_index] = directed influence from source to target"
2043,2043,row_target_and_column_source,"G[target_index, source_index] = directed influence from source to target"
2044,2044,row_target_and_column_source,"G[target_index, source_index] = directed influence from source to target"
2045,2045,row_target_and_column_source,"G[target_index, source_index] = directed influence from source to target"
2046,2046,row_target_and_column_source,"G[target_index, source_index] = directed influence from source to target"
2047,2047,row_target_and_column_source,"G[target_index, source_index] = directed influence from source to target"
2048,2048,row_target_and_column_source,"G[target_index, source_index] = directed influence from source to target"
2049,2049,row_target_and_column_source,"G[target_index, source_index] = directed influence from source to target"
2050,2050,row_target_and_column_source,"G[target_index, source_index] = directed influence from source to target"
2051,2051,row_target_and_column_source,"G[target_index, source_index] = directed influence from source to target"
2052,2052,row_target_and_column_source,"G[target_index, source_index] = directed influence from source to target"
2053,2053,row_target_and_column_source,"G[target_index, source_index] = directed influence from source to target"
2054,2054,row_target_and_column_source,"G[target_index, source_index] = directed influence from source to target"
2055,2055,row_target_and_column_source,"G[target_index, source_index] = directed influence from source to target"
2056,2056,row_target_and_column_source,"G[target_index, source_index] = directed influence from source to target"
2057,2057,row_target_and_column_source,"G[target_index, source_index] = directed influence from source to target"
2058,2058,row_target_and_column_source,"G[target_index, source_index] = directed influence from source to target"
2059,2059,row_target_and_column_source,"G[target_index, source_index] = directed influence from source to target"
2060,2060,row_target_and_column_source,"G[target_index, source_index] = directed influence from source to target"
2061,2061,row_target_and_column_source,"G[target_index, source_index] = directed influence from source to target"
2062,2062,row_target_and_column_source,"G[target_index, source_index] = directed influence from source to target"
2063,2063,row_target_and_column_source,"G[target_index, source_index] = directed influence from source to target"
2064,2064,row_target_and_column_source,"G[target_index, source_index] = directed influence from source to target"
2065,2065,row_target_and_column_source,"G[target_index, source_index] = directed influence from source to target"
2066,2066,row_target_and_column_source,"G[target_index, source_index] = directed influence from source to target"
2067,2067,row_target_and_column_source,"G[target_index, source_index] = directed influence from source to target"
2068,2068,row_target_and_column_source,"G[target_index, source_index] = directed influence from source to target"
2069,2069,row_target_and_column_source,"G[target_index, source_index] = directed influence from source to target"
2070,2070,row_target_and_column_source,"G[target_index, source_index] = directed influence from source to target"
2071,2071,row_target_and_column_source,"G[target_index, source_index] = directed influence from source to target"
2072,2072,row_target_and_column_source,"G[target_index, source_index] = directed influence from source to target"
2073,2073,row_target_and_column_source,"G[target_index, source_index] = directed influence from source to target"
2074,2074,row_target_and_column_source,"G[target_index, source_index] = directed influence from source to target"
2075,2075,row_target_and_column_source,"G[target_index, source_index] = directed influence from source to target"
2076,2076,row_target_and_column_source,"G[target_index, source_index] = directed influence from source to target"
2077,2077,row_target_and_column_source,"G[target_index, source_index] = directed influence from source to target"
2078,2078,row_target_and_column_source,"G[target_index, source_index] = directed influence from source to target"
2079,2079,row_target_and_column_source,"G[target_index, source_index] = directed influence from source to target"
2080,2080,row_target_and_column_source,"G[target_index, source_index] = directed influence from source to target"
2081,2081,row_target_and_column_source,"G[target_index, source_index] = directed influence from source to target"
2082,2082,row_target_and_column_source,"G[target_index, source_index] = directed influence from source to target"
2083,2083,row_target_and_column_source,"G[target_index, source_index] = directed influence from source to target"
2084,2084,row_target_and_column_source,"G[target_index, source_index] = directed influence from source to target"
2085,2085,row_target_and_column_source,"G[target_index, source_index] = directed influence from source to target"
2086,2086,row_target_and_column_source,"G[target_index, source_index] = directed influence from source to target"
2087,2087,row_target_and_column_source,"G[target_index, source_index] = directed influence from source to target"
2088,2088,row_target_and_column_source,"G[target_index, source_index] = directed influence from source to target"
2089,2089,row_target_and_column_source,"G[target_index, source_index] = directed influence from source to target"
2090,2090,row_target_and_column_source,"G[target_index, source_index] = directed influence from source to target"
2091,2091,row_target_and_column_source,"G[target_index, source_index] = directed influence from source to target"
2092,2092,row_target_and_column_source,"G[target_index, source_index] = directed influence from source to target"
2093,2093,row_target_and_column_source,"G[target_index, source_index] = directed influence from source to target"
2094,2094,row_target_and_column_source,"G[target_index, source_index] = directed influence from source to target"
2095,2095,row_target_and_column_source,"G[target_index, source_index] = directed influence from source to target"
2096,2096,row_target_and_column_source,"G[target_index, source_index] = directed influence from source to target"
2097,2097,row_target_and_column_source,"G[target_index, source_index] = directed influence from source to target"
2098,2098,row_target_and_column_source,"G[target_index, source_index] = directed influence from source to target"
2099,2099,row_target_and_column_source,"G[target_index, source_index] = directed influence from source to target"
2100,2100,row_target_and_column_source,"G[target_index, source_index] = directed influence from source to target"
2101,2101,row_target_and_column_source,"G[target_index, source_index] = directed influence from source to target"
2102,2102,row_target_and_column_source,"G[target_index, source_index] = directed influence from source to target"
2103,2103,row_target_and_column_source,"G[target_index, source_index] = directed influence from source to target"
2104,2104,row_target_and_column_source,"G[target_index, source_index] = directed influence from source to target"
2105,2105,row_target_and_column_source,"G[target_index, source_index] = directed influence from source to target"
2106,2106,row_target_and_column_source,"G[target_index, source_index] = directed influence from source to target"
2107,2107,row_target_and_column_source,"G[target_index, source_index] = directed influence from source to target"
2108,2108,row_target_and_column_source,"G[target_index, source_index] = directed influence from source to target"
2109,2109,row_target_and_column_source,"G[target_index, source_index] = directed influence from source to target"
2110,2110,row_target_and_column_source,"G[target_index, source_index] = directed influence from source to target"
2111,2111,row_target_and_column_source,"G[target_index, source_index] = directed influence from source to target"
2112,2112,row_target_and_column_source,"G[target_index, source_index] = directed influence from source to target"
2113,2113,row_target_and_column_source,"G[target_index, source_index] = directed influence from source to target"
2114,2114,row_target_and_column_source,"G[target_index, source_index] = directed influence from source to target"
2115,2115,row_target_and_column_source,"G[target_index, source_index] = directed influence from source to target"
2116,2116,row_target_and_column_source,"G[target_index, source_index] = directed influence from source to target"
2117,2117,row_target_and_column_source,"G[target_index, source_index] = directed influence from source to target"
2118,2118,row_target_and_column_source,"G[target_index, source_index] = directed influence from source to target"
2119,2119,row_target_and_column_source,"G[target_index, source_index] = directed influence from source to target"
2120,2120,row_target_and_column_source,"G[target_index, source_index] = directed influence from source to target"
2121,2121,row_target_and_column_source,"G[target_index, source_index] = directed influence from source to target"
2122,2122,row_target_and_column_source,"G[target_index, source_index] = directed influence from source to target"
2123,2123,row_target_and_column_source,"G[target_index, source_index] = directed influence from source to target"
2124,2124,row_target_and_column_source,"G[target_index, source_index] = directed influence from source to target"
2125,2125,row_target_and_column_source,"G[target_index, source_index] = directed influence from source to target"
2126,2126,row_target_and_column_source,"G[target_index, source_index] = directed influence from source to target"
2127,2127,row_target_and_column_source,"G[target_index, source_index] = directed influence from source to target"
2128,2128,row_target_and_column_source,"G[target_index, source_index] = directed influence from source to target"
2129,2129,row_target_and_column_source,"G[target_index, source_index] = directed influence from source to target"
2130,2130,row_target_and_column_source,"G[target_index, source_index] = directed influence from source to target"
2131,2131,row_target_and_column_source,"G[target_index, source_index] = directed influence from source to target"
2132,2132,row_target_and_column_source,"G[target_index, source_index] = directed influence from source to target"
2133,2133,row_target_and_column_source,"G[target_index, source_index] = directed influence from source to target"
2134,2134,row_target_and_column_source,"G[target_index, source_index] = directed influence from source to target"
2135,2135,row_target_and_column_source,"G[target_index, source_index] = directed influence from source to target"
2136,2136,row_target_and_column_source,"G[target_index, source_index] = directed influence from source to target"
2137,2137,row_target_and_column_source,"G[target_index, source_index] = directed influence from source to target"
2138,2138,row_target_and_column_source,"G[target_index, source_index] = directed influence from source to target"
2139,2139,row_target_and_column_source,"G[target_index, source_index] = directed influence from source to target"
2140,2140,row_target_and_column_source,"G[target_index, source_index] = directed influence from source to target"
2141,2141,row_target_and_column_source,"G[target_index, source_index] = directed influence from source to target"
2142,2142,row_target_and_column_source,"G[target_index, source_index] = directed influence from source to target"
2143,2143,row_target_and_column_source,"G[target_index, source_index] = directed influence from source to target"
2144,2144,row_target_and_column_source,"G[target_index, source_index] = directed influence from source to target"
2145,2145,row_target_and_column_source,"G[target_index, source_index] = directed influence from source to target"
2146,2146,row_target_and_column_source,"G[target_index, source_index] = directed influence from source to target"
2147,2147,row_target_and_column_source,"G[target_index, source_index] = directed influence from source to target"
2148,2148,row_target_and_column_source,"G[target_index, source_index] = directed influence from source to target"
2149,2149,row_target_and_column_source,"G[target_index, source_index] = directed influence from source to target"
2150,2150,row_target_and_column_source,"G[target_index, source_index] = directed influence from source to target"
2151,2151,row_target_and_column_source,"G[target_index, source_index] = directed influence from source to target"
2152,2152,row_target_and_column_source,"G[target_index, source_index] = directed influence from source to target"
2153,2153,row_target_and_column_source,"G[target_index, source_index] = directed influence from source to target"
2154,2154,row_target_and_column_source,"G[target_index, source_index] = directed influence from source to target"
2155,2155,row_target_and_column_source,"G[target_index, source_index] = directed influence from source to target"
2156,2156,row_target_and_column_source,"G[target_index, source_index] = directed influence from source to target"
2157,2157,row_target_and_column_source,"G[target_index, source_index] = directed influence from source to target"
2158,2158,row_target_and_column_source,"G[target_index, source_index] = directed influence from source to target"
2159,2159,row_target_and_column_source,"G[target_index, source_index] = directed influence from source to target"
2160,2160,row_target_and_column_source,"G[target_index, source_index] = directed influence from source to target"
2161,2161,row_target_and_column_source,"G[target_index, source_index] = directed influence from source to target"
2162,2162,row_target_and_column_source,"G[target_index, source_index] = directed influence from source to target"
2163,2163,row_target_and_column_source,"G[target_index, source_index] = directed influence from source to target"
2164,2164,row_target_and_column_source,"G[target_index, source_index] = directed influence from source to target"
2165,2165,row_target_and_column_source,"G[target_index, source_index] = directed influence from source to target"
2166,2166,row_target_and_column_source,"G[target_index, source_index] = directed influence from source to target"
2167,2167,row_target_and_column_source,"G[target_index, source_index] = directed influence from source to target"
2168,2168,row_target_and_column_source,"G[target_index, source_index] = directed influence from source to target"
2169,2169,row_target_and_column_source,"G[target_index, source_index] = directed influence from source to target"
2170,2170,row_target_and_column_source,"G[target_index, source_index] = directed influence from source to target"
2171,2171,row_target_and_column_source,"G[target_index, source_index] = directed influence from source to target"
2172,2172,row_target_and_column_source,"G[target_index, source_index] = directed influence from source to target"
2173,2173,row_target_and_column_source,"G[target_index, source_index] = directed influence from source to target"
2174,2174,row_target_and_column_source,"G[target_index, source_index] = directed influence from source to target"
2175,2175,row_target_and_column_source,"G[target_index, source_index] = directed influence from source to target"
2176,2176,row_target_and_column_source,"G[target_index, source_index] = directed influence from source to target"
2177,2177,row_target_and_column_source,"G[target_index, source_index] = directed influence from source to target"
2178,2178,row_target_and_column_source,"G[target_index, source_index] = directed influence from source to target"
2179,2179,row_target_and_column_source,"G[target_index, source_index] = directed influence from source to target"
2180,2180,row_target_and_column_source,"G[target_index, source_index] = directed influence from source to target"
2181,2181,row_target_and_column_source,"G[target_index, source_index] = directed influence from source to target"
2182,2182,row_target_and_column_source,"G[target_index, source_index] = directed influence from source to target"
2183,2183,row_target_and_column_source,"G[target_index, source_index] = directed influence from source to target"
2184,2184,row_target_and_column_source,"G[target_index, source_index] = directed influence from source to target"
2185,2185,row_target_and_column_source,"G[target_index, source_index] = directed influence from source to target"
2186,2186,row_target_and_column_source,"G[target_index, source_index] = directed influence from source to target"
2187,2187,row_target_and_column_source,"G[target_index, source_index] = directed influence from source to target"
2188,2188,row_target_and_column_source,"G[target_index, source_index] = directed influence from source to target"
2189,2189,row_target_and_column_source,"G[target_index, source_index] = directed influence from source to target"
2190,2190,row_target_and_column_source,"G[target_index, source_index] = directed influence from source to target"
2191,2191,row_target_and_column_source,"G[target_index, source_index] = directed influence from source to target"
2192,2192,row_target_and_column_source,"G[target_index, source_index] = directed influence from source to target"
2193,2193,row_target_and_column_source,"G[target_index, source_index] = directed influence from source to target"
2194,2194,row_target_and_column_source,"G[target_index, source_index] = directed influence from source to target"
2195,2195,row_target_and_column_source,"G[target_index, source_index] = directed influence from source to target"
2196,2196,row_target_and_column_source,"G[target_index, source_index] = directed influence from source to target"
2197,2197,row_target_and_column_source,"G[target_index, source_index] = directed influence from source to target"
2198,2198,row_target_and_column_source,"G[target_index, source_index] = directed influence from source to target"
2199,2199,row_target_and_column_source,"G[target_index, source_index] = directed influence from source to target"
2200,2200,row_target_and_column_source,"G[target_index, source_index] = directed influence from source to target"
2201,2201,row_target_and_column_source,"G[target_index, source_index] = directed influence from source to target"
2202,2202,row_target_and_column_source,"G[target_index, source_index] = directed influence from source to target"
2203,2203,row_target_and_column_source,"G[target_index, source_index] = directed influence from source to target"
2204,2204,row_target_and_column_source,"G[target_index, source_index] = directed influence from source to target"
2205,2205,row_target_and_column_source,"G[target_index, source_index] = directed influence from source to target"
2206,2206,row_target_and_column_source,"G[target_index, source_index] = directed influence from source to target"
2207,2207,row_target_and_column_source,"G[target_index, source_index] = directed influence from source to target"
2208,2208,row_target_and_column_source,"G[target_index, source_index] = directed influence from source to target"
2209,2209,row_target_and_column_source,"G[target_index, source_index] = directed influence from source to target"
2210,2210,row_target_and_column_source,"G[target_index, source_index] = directed influence from source to target"
2211,2211,row_target_and_column_source,"G[target_index, source_index] = directed influence from source to target"
2212,2212,row_target_and_column_source,"G[target_index, source_index] = directed influence from source to target"
2213,2213,row_target_and_column_source,"G[target_index, source_index] = directed influence from source to target"
2214,2214,row_target_and_column_source,"G[target_index, source_index] = directed influence from source to target"
2215,2215,row_target_and_column_source,"G[target_index, source_index] = directed influence from source to target"
2216,2216,row_target_and_column_source,"G[target_index, source_index] = directed influence from source to target"
2217,2217,row_target_and_column_source,"G[target_index, source_index] = directed influence from source to target"
2218,2218,row_target_and_column_source,"G[target_index, source_index] = directed influence from source to target"
2219,2219,row_target_and_column_source,"G[target_index, source_index] = directed influence from source to target"
2220,2220,row_target_and_column_source,"G[target_index, source_index] = directed influence from source to target"
2221,2221,row_target_and_column_source,"G[target_index, source_index] = directed influence from source to target"
2222,2222,row_target_and_column_source,"G[target_index, source_index] = directed influence from source to target"
2223,2223,row_target_and_column_source,"G[target_index, source_index] = directed influence from source to target"
2224,2224,row_target_and_column_source,"G[target_index, source_index] = directed influence from source to target"
2225,2225,row_target_and_column_source,"G[target_index, source_index] = directed influence from source to target"
2226,2226,row_target_and_column_source,"G[target_index, source_index] = directed influence from source to target"
2227,2227,row_target_and_column_source,"G[target_index, source_index] = directed influence from source to target"
2228,2228,row_target_and_column_source,"G[target_index, source_index] = directed influence from source to target"
2229,2229,row_target_and_column_source,"G[target_index, source_index] = directed influence from source to target"
2230,2230,row_target_and_column_source,"G[target_index, source_index] = directed influence from source to target"
2231,2231,row_target_and_column_source,"G[target_index, source_index] = directed influence from source to target"
2232,2232,row_target_and_column_source,"G[target_index, source_index] = directed influence from source to target"
2233,2233,row_target_and_column_source,"G[target_index, source_index] = directed influence from source to target"
2234,2234,row_target_and_column_source,"G[target_index, source_index] = directed influence from source to target"
2235,2235,row_target_and_column_source,"G[target_index, source_index] = directed influence from source to target"
2236,2236,row_target_and_column_source,"G[target_index, source_index] = directed influence from source to target"
2237,2237,row_target_and_column_source,"G[target_index, source_index] = directed influence from source to target"
2238,2238,row_target_and_column_source,"G[target_index, source_index] = directed influence from source to target"
2239,2239,row_target_and_column_source,"G[target_index, source_index] = directed influence from source to target"
2240,2240,row_target_and_column_source,"G[target_index, source_index] = directed influence from source to target"
2241,2241,row_target_and_column_source,"G[target_index, source_index] = directed influence from source to target"
2242,2242,row_target_and_column_source,"G[target_index, source_index] = directed influence from source to target"
2243,2243,row_target_and_column_source,"G[target_index, source_index] = directed influence from source to target"
2244,2244,row_target_and_column_source,"G[target_index, source_index] = directed influence from source to target"
2245,2245,row_target_and_column_source,"G[target_index, source_index] = directed influence from source to target"
2246,2246,row_target_and_column_source,"G[target_index, source_index] = directed influence from source to target"
2247,2247,row_target_and_column_source,"G[target_index, source_index] = directed influence from source to target"
2248,2248,row_target_and_column_source,"G[target_index, source_index] = directed influence from source to target"
2249,2249,row_target_and_column_source,"G[target_index, source_index] = directed influence from source to target"
2250,2250,row_target_and_column_source,"G[target_index, source_index] = directed influence from source to target"
2251,2251,row_target_and_column_source,"G[target_index, source_index] = directed influence from source to target"
2252,2252,row_target_and_column_source,"G[target_index, source_index] = directed influence from source to target"
2253,2253,row_target_and_column_source,"G[target_index, source_index] = directed influence from source to target"
2254,2254,row_target_and_column_source,"G[target_index, source_index] = directed influence from source to target"
2255,2255,row_target_and_column_source,"G[target_index, source_index] = directed influence from source to target"
2256,2256,row_target_and_column_source,"G[target_index, source_index] = directed influence from source to target"
2257,2257,row_target_and_column_source,"G[target_index, source_index] = directed influence from source to target"
2258,2258,row_target_and_column_source,"G[target_index, source_index] = directed influence from source to target"
2259,2259,row_target_and_column_source,"G[target_index, source_index] = directed influence from source to target"
2260,2260,row_target_and_column_source,"G[target_index, source_index] = directed influence from source to target"
2261,2261,row_target_and_column_source,"G[target_index, source_index] = directed influence from source to target"
2262,2262,row_target_and_column_source,"G[target_index, source_index] = directed influence from source to target"
2263,2263,row_target_and_column_source,"G[target_index, source_index] = directed influence from source to target"
2264,2264,row_target_and_column_source,"G[target_index, source_index] = directed influence from source to target"
2265,2265,row_target_and_column_source,"G[target_index, source_index] = directed influence from source to target"
2266,2266,row_target_and_column_source,"G[target_index, source_index] = directed influence from source to target"
2267,2267,row_target_and_column_source,"G[target_index, source_index] = directed influence from source to target"
2268,2268,row_target_and_column_source,"G[target_index, source_index] = directed influence from source to target"
2269,2269,row_target_and_column_source,"G[target_index, source_index] = directed influence from source to target"
2270,2270,row_target_and_column_source,"G[target_index, source_index] = directed influence from source to target"
2271,2271,row_target_and_column_source,"G[target_index, source_index] = directed influence from source to target"
2272,2272,row_target_and_column_source,"G[target_index, source_index] = directed influence from source to target"
2273,2273,row_target_and_column_source,"G[target_index, source_index] = directed influence from source to target"
2274,2274,row_target_and_column_source,"G[target_index, source_index] = directed influence from source to target"
2275,2275,row_target_and_column_source,"G[target_index, source_index] = directed influence from source to target"
2276,2276,row_target_and_column_source,"G[target_index, source_index] = directed influence from source to target"
2277,2277,row_target_and_column_source,"G[target_index, source_index] = directed influence from source to target"
2278,2278,row_target_and_column_source,"G[target_index, source_index] = directed influence from source to target"
2279,2279,row_target_and_column_source,"G[target_index, source_index] = directed influence from source to target"
2280,2280,row_target_and_column_source,"G[target_index, source_index] = directed influence from source to target"
2281,2281,row_target_and_column_source,"G[target_index, source_index] = directed influence from source to target"
2282,2282,row_target_and_column_source,"G[target_index, source_index] = directed influence from source to target"
2283,2283,row_target_and_column_source,"G[target_index, source_index] = directed influence from source to target"
2284,2284,row_target_and_column_source,"G[target_index, source_index] = directed influence from source to target"
2285,2285,row_target_and_column_source,"G[target_index, source_index] = directed influence from source to target"
2286,2286,row_target_and_column_source,"G[target_index, source_index] = directed influence from source to target"
2287,2287,row_target_and_column_source,"G[target_index, source_index] = directed influence from source to target"
2288,2288,row_target_and_column_source,"G[target_index, source_index] = directed influence from source to target"
2289,2289,row_target_and_column_source,"G[target_index, source_index] = directed influence from source to target"
2290,2290,row_target_and_column_source,"G[target_index, source_index] = directed influence from source to target"
2291,2291,row_target_and_column_source,"G[target_index, source_index] = directed influence from source to target"
2292,2292,row_target_and_column_source,"G[target_index, source_index] = directed influence from source to target"
2293,2293,row_target_and_column_source,"G[target_index, source_index] = directed influence from source to target"
2294,2294,row_target_and_column_source,"G[target_index, source_index] = directed influence from source to target"
2295,2295,row_target_and_column_source,"G[target_index, source_index] = directed influence from source to target"
2296,2296,row_target_and_column_source,"G[target_index, source_index] = directed influence from source to target"
2297,2297,row_target_and_column_source,"G[target_index, source_index] = directed influence from source to target"
2298,2298,row_target_and_column_source,"G[target_index, source_index] = directed influence from source to target"
2299,2299,row_target_and_column_source,"G[target_index, source_index] = directed influence from source to target"
2300,2300,row_target_and_column_source,"G[target_index, source_index] = directed influence from source to target"
2301,2301,row_target_and_column_source,"G[target_index, source_index] = directed influence from source to target"
2302,2302,row_target_and_column_source,"G[target_index, source_index] = directed influence from source to target"
2303,2303,row_target_and_column_source,"G[target_index, source_index] = directed influence from source to target"
2304,2304,row_target_and_column_source,"G[target_index, source_index] = directed influence from source to target"
2305,2305,row_target_and_column_source,"G[target_index, source_index] = directed influence from source to target"
2306,2306,row_target_and_column_source,"G[target_index, source_index] = directed influence from source to target"
2307,2307,row_target_and_column_source,"G[target_index, source_index] = directed influence from source to target"
2308,2308,row_target_and_column_source,"G[target_index, source_index] = directed influence from source to target"
2309,2309,row_target_and_column_source,"G[target_index, source_index] = directed influence from source to target"
2310,2310,row_target_and_column_source,"G[target_index, source_index] = directed influence from source to target"
2311,2311,row_target_and_column_source,"G[target_index, source_index] = directed influence from source to target"
2312,2312,row_target_and_column_source,"G[target_index, source_index] = directed influence from source to target"
2313,2313,row_target_and_column_source,"G[target_index, source_index] = directed influence from source to target"
2314,2314,row_target_and_column_source,"G[target_index, source_index] = directed influence from source to target"
2315,2315,row_target_and_column_source,"G[target_index, source_index] = directed influence from source to target"
2316,2316,row_target_and_column_source,"G[target_index, source_index] = directed influence from source to target"
2317,2317,row_target_and_column_source,"G[target_index, source_index] = directed influence from source to target"
2318,2318,row_target_and_column_source,"G[target_index, source_index] = directed influence from source to target"
2319,2319,row_target_and_column_source,"G[target_index, source_index] = directed influence from source to target"
2320,2320,row_target_and_column_source,"G[target_index, source_index] = directed influence from source to target"
2321,2321,row_target_and_column_source,"G[target_index, source_index] = directed influence from source to target"
2322,2322,row_target_and_column_source,"G[target_index, source_index] = directed influence from source to target"
2323,2323,row_target_and_column_source,"G[target_index, source_index] = directed influence from source to target"
2324,2324,row_target_and_column_source,"G[target_index, source_index] = directed influence from source to target"
2325,2325,row_target_and_column_source,"G[target_index, source_index] = directed influence from source to target"
2326,2326,row_target_and_column_source,"G[target_index, source_index] = directed influence from source to target"
2327,2327,row_target_and_column_source,"G[target_index, source_index] = directed influence from source to target"
2328,2328,row_target_and_column_source,"G[target_index, source_index] = directed influence from source to target"
2329,2329,row_target_and_column_source,"G[target_index, source_index] = directed influence from source to target"
2330,2330,row_target_and_column_source,"G[target_index, source_index] = directed influence from source to target"
2331,2331,row_target_and_column_source,"G[target_index, source_index] = directed influence from source to target"
2332,2332,row_target_and_column_source,"G[target_index, source_index] = directed influence from source to target"
2333,2333,row_target_and_column_source,"G[target_index, source_index] = directed influence from source to target"
2334,2334,row_target_and_column_source,"G[target_index, source_index] = directed influence from source to target"
2335,2335,row_target_and_column_source,"G[target_index, source_index] = directed influence from source to target"
2336,2336,row_target_and_column_source,"G[target_index, source_index] = directed influence from source to target"
2337,2337,row_target_and_column_source,"G[target_index, source_index] = directed influence from source to target"
2338,2338,row_target_and_column_source,"G[target_index, source_index] = directed influence from source to target"
2339,2339,row_target_and_column_source,"G[target_index, source_index] = directed influence from source to target"
2340,2340,row_target_and_column_source,"G[target_index, source_index] = directed influence from source to target"
2341,2341,row_target_and_column_source,"G[target_index, source_index] = directed influence from source to target"
2342,2342,row_target_and_column_source,"G[target_index, source_index] = directed influence from source to target"
2343,2343,row_target_and_column_source,"G[target_index, source_index] = directed influence from source to target"
2344,2344,row_target_and_column_source,"G[target_index, source_index] = directed influence from source to target"
2345,2345,row_target_and_column_source,"G[target_index, source_index] = directed influence from source to target"
2346,2346,row_target_and_column_source,"G[target_index, source_index] = directed influence from source to target"
2347,2347,row_target_and_column_source,"G[target_index, source_index] = directed influence from source to target"
2348,2348,row_target_and_column_source,"G[target_index, source_index] = directed influence from source to target"
2349,2349,row_target_and_column_source,"G[target_index, source_index] = directed influence from source to target"
2350,2350,row_target_and_column_source,"G[target_index, source_index] = directed influence from source to target"
2351,2351,row_target_and_column_source,"G[target_index, source_index] = directed influence from source to target"
2352,2352,row_target_and_column_source,"G[target_index, source_index] = directed influence from source to target"
2353,2353,row_target_and_column_source,"G[target_index, source_index] = directed influence from source to target"
2354,2354,row_target_and_column_source,"G[target_index, source_index] = directed influence from source to target"
2355,2355,row_target_and_column_source,"G[target_index, source_index] = directed influence from source to target"
2356,2356,row_target_and_column_source,"G[target_index, source_index] = directed influence from source to target"
2357,2357,row_target_and_column_source,"G[target_index, source_index] = directed influence from source to target"
2358,2358,row_target_and_column_source,"G[target_index, source_index] = directed influence from source to target"
2359,2359,row_target_and_column_source,"G[target_index, source_index] = directed influence from source to target"
2360,2360,row_target_and_column_source,"G[target_index, source_index] = directed influence from source to target"
2361,2361,row_target_and_column_source,"G[target_index, source_index] = directed influence from source to target"
2362,2362,row_target_and_column_source,"G[target_index, source_index] = directed influence from source to target"
2363,2363,row_target_and_column_source,"G[target_index, source_index] = directed influence from source to target"
2364,2364,row_target_and_column_source,"G[target_index, source_index] = directed influence from source to target"
2365,2365,row_target_and_column_source,"G[target_index, source_index] = directed influence from source to target"
2366,2366,row_target_and_column_source,"G[target_index, source_index] = directed influence from source to target"
2367,2367,row_target_and_column_source,"G[target_index, source_index] = directed influence from source to target"
2368,2368,row_target_and_column_source,"G[target_index, source_index] = directed influence from source to target"
2369,2369,row_target_and_column_source,"G[target_index, source_index] = directed influence from source to target"
2370,2370,row_target_and_column_source,"G[target_index, source_index] = directed influence from source to target"
2371,2371,row_target_and_column_source,"G[target_index, source_index] = directed influence from source to target"
2372,2372,row_target_and_column_source,"G[target_index, source_index] = directed influence from source to target"
2373,2373,row_target_and_column_source,"G[target_index, source_index] = directed influence from source to target"
2374,2374,row_target_and_column_source,"G[target_index, source_index] = directed influence from source to target"
2375,2375,row_target_and_column_source,"G[target_index, source_index] = directed influence from source to target"
2376,2376,row_target_and_column_source,"G[target_index, source_index] = directed influence from source to target"
2377,2377,row_target_and_column_source,"G[target_index, source_index] = directed influence from source to target"
2378,2378,row_target_and_column_source,"G[target_index, source_index] = directed influence from source to target"
2379,2379,row_target_and_column_source,"G[target_index, source_index] = directed influence from source to target"
2380,2380,row_target_and_column_source,"G[target_index, source_index] = directed influence from source to target"
2381,2381,row_target_and_column_source,"G[target_index, source_index] = directed influence from source to target"
2382,2382,row_target_and_column_source,"G[target_index, source_index] = directed influence from source to target"
2383,2383,row_target_and_column_source,"G[target_index, source_index] = directed influence from source to target"
2384,2384,row_target_and_column_source,"G[target_index, source_index] = directed influence from source to target"
2385,2385,row_target_and_column_source,"G[target_index, source_index] = directed influence from source to target"
2386,2386,row_target_and_column_source,"G[target_index, source_index] = directed influence from source to target"
2387,2387,row_target_and_column_source,"G[target_index, source_index] = directed influence from source to target"
2388,2388,row_target_and_column_source,"G[target_index, source_index] = directed influence from source to target"
2389,2389,row_target_and_column_source,"G[target_index, source_index] = directed influence from source to target"
2390,2390,row_target_and_column_source,"G[target_index, source_index] = directed influence from source to target"
2391,2391,row_target_and_column_source,"G[target_index, source_index] = directed influence from source to target"
2392,2392,row_target_and_column_source,"G[target_index, source_index] = directed influence from source to target"
2393,2393,row_target_and_column_source,"G[target_index, source_index] = directed influence from source to target"
2394,2394,row_target_and_column_source,"G[target_index, source_index] = directed influence from source to target"
2395,2395,row_target_and_column_source,"G[target_index, source_index] = directed influence from source to target"
2396,2396,row_target_and_column_source,"G[target_index, source_index] = directed influence from source to target"
2397,2397,row_target_and_column_source,"G[target_index, source_index] = directed influence from source to target"
2398,2398,row_target_and_column_source,"G[target_index, source_index] = directed influence from source to target"
2399,2399,row_target_and_column_source,"G[target_index, source_index] = directed influence from source to target"
2400,2400,row_target_and_column_source,"G[target_index, source_index] = directed influence from source to target"
2401,2401,row_target_and_column_source,"G[target_index, source_index] = directed influence from source to target"
2402,2402,row_target_and_column_source,"G[target_index, source_index] = directed influence from source to target"
2403,2403,row_target_and_column_source,"G[target_index, source_index] = directed influence from source to target"
2404,2404,row_target_and_column_source,"G[target_index, source_index] = directed influence from source to target"
2405,2405,row_target_and_column_source,"G[target_index, source_index] = directed influence from source to target"
2406,2406,row_target_and_column_source,"G[target_index, source_index] = directed influence from source to target"
2407,2407,row_target_and_column_source,"G[target_index, source_index] = directed influence from source to target"
2408,2408,row_target_and_column_source,"G[target_index, source_index] = directed influence from source to target"
2409,2409,row_target_and_column_source,"G[target_index, source_index] = directed influence from source to target"
2410,2410,row_target_and_column_source,"G[target_index, source_index] = directed influence from source to target"
2411,2411,row_target_and_column_source,"G[target_index, source_index] = directed influence from source to target"
2412,2412,row_target_and_column_source,"G[target_index, source_index] = directed influence from source to target"
2413,2413,row_target_and_column_source,"G[target_index, source_index] = directed influence from source to target"
2414,2414,row_target_and_column_source,"G[target_index, source_index] = directed influence from source to target"
2415,2415,row_target_and_column_source,"G[target_index, source_index] = directed influence from source to target"
2416,2416,row_target_and_column_source,"G[target_index, source_index] = directed influence from source to target"
2417,2417,row_target_and_column_source,"G[target_index, source_index] = directed influence from source to target"
2418,2418,row_target_and_column_source,"G[target_index, source_index] = directed influence from source to target"
2419,2419,row_target_and_column_source,"G[target_index, source_index] = directed influence from source to target"
2420,2420,row_target_and_column_source,"G[target_index, source_index] = directed influence from source to target"
2421,2421,row_target_and_column_source,"G[target_index, source_index] = directed influence from source to target"
2422,2422,row_target_and_column_source,"G[target_index, source_index] = directed influence from source to target"
2423,2423,row_target_and_column_source,"G[target_index, source_index] = directed influence from source to target"
2424,2424,row_target_and_column_source,"G[target_index, source_index] = directed influence from source to target"
2425,2425,row_target_and_column_source,"G[target_index, source_index] = directed influence from source to target"
2426,2426,row_target_and_column_source,"G[target_index, source_index] = directed influence from source to target"
2427,2427,row_target_and_column_source,"G[target_index, source_index] = directed influence from source to target"
2428,2428,row_target_and_column_source,"G[target_index, source_index] = directed influence from source to target"
2429,2429,row_target_and_column_source,"G[target_index, source_index] = directed influence from source to target"
2430,2430,row_target_and_column_source,"G[target_index, source_index] = directed influence from source to target"
2431,2431,row_target_and_column_source,"G[target_index, source_index] = directed influence from source to target"
2432,2432,row_target_and_column_source,"G[target_index, source_index] = directed influence from source to target"
2433,2433,row_target_and_column_source,"G[target_index, source_index] = directed influence from source to target"
2434,2434,row_target_and_column_source,"G[target_index, source_index] = directed influence from source to target"
2435,2435,row_target_and_column_source,"G[target_index, source_index] = directed influence from source to target"
2436,2436,row_target_and_column_source,"G[target_index, source_index] = directed influence from source to target"
2437,2437,row_target_and_column_source,"G[target_index, source_index] = directed influence from source to target"
2438,2438,row_target_and_column_source,"G[target_index, source_index] = directed influence from source to target"
2439,2439,row_target_and_column_source,"G[target_index, source_index] = directed influence from source to target"
2440,2440,row_target_and_column_source,"G[target_index, source_index] = directed influence from source to target"
2441,2441,row_target_and_column_source,"G[target_index, source_index] = directed influence from source to target"
2442,2442,row_target_and_column_source,"G[target_index, source_index] = directed influence from source to target"
2443,2443,row_target_and_column_source,"G[target_index, source_index] = directed influence from source to target"
2444,2444,row_target_and_column_source,"G[target_index, source_index] = directed influence from source to target"
2445,2445,row_target_and_column_source,"G[target_index, source_index] = directed influence from source to target"
2446,2446,row_target_and_column_source,"G[target_index, source_index] = directed influence from source to target"
2447,2447,row_target_and_column_source,"G[target_index, source_index] = directed influence from source to target"
2448,2448,row_target_and_column_source,"G[target_index, source_index] = directed influence from source to target"
2449,2449,row_target_and_column_source,"G[target_index, source_index] = directed influence from source to target"
2450,2450,row_target_and_column_source,"G[target_index, source_index] = directed influence from source to target"
2451,2451,row_target_and_column_source,"G[target_index, source_index] = directed influence from source to target"
2452,2452,row_target_and_column_source,"G[target_index, source_index] = directed influence from source to target"
2453,2453,row_target_and_column_source,"G[target_index, source_index] = directed influence from source to target"
2454,2454,row_target_and_column_source,"G[target_index, source_index] = directed influence from source to target"
2455,2455,row_target_and_column_source,"G[target_index, source_index] = directed influence from source to target"
2456,2456,row_target_and_column_source,"G[target_index, source_index] = directed influence from source to target"
2457,2457,row_target_and_column_source,"G[target_index, source_index] = directed influence from source to target"
2458,2458,row_target_and_column_source,"G[target_index, source_index] = directed influence from source to target"
2459,2459,row_target_and_column_source,"G[target_index, source_index] = directed influence from source to target"
2460,2460,row_target_and_column_source,"G[target_index, source_index] = directed influence from source to target"
2461,2461,row_target_and_column_source,"G[target_index, source_index] = directed influence from source to target"
2462,2462,row_target_and_column_source,"G[target_index, source_index] = directed influence from source to target"
2463,2463,row_target_and_column_source,"G[target_index, source_index] = directed influence from source to target"
2464,2464,row_target_and_column_source,"G[target_index, source_index] = directed influence from source to target"
2465,2465,row_target_and_column_source,"G[target_index, source_index] = directed influence from source to target"
2466,2466,row_target_and_column_source,"G[target_index, source_index] = directed influence from source to target"
2467,2467,row_target_and_column_source,"G[target_index, source_index] = directed influence from source to target"
2468,2468,row_target_and_column_source,"G[target_index, source_index] = directed influence from source to target"
2469,2469,row_target_and_column_source,"G[target_index, source_index] = directed influence from source to target"
2470,2470,row_target_and_column_source,"G[target_index, source_index] = directed influence from source to target"
2471,2471,row_target_and_column_source,"G[target_index, source_index] = directed influence from source to target"
2472,2472,row_target_and_column_source,"G[target_index, source_index] = directed influence from source to target"
2473,2473,row_target_and_column_source,"G[target_index, source_index] = directed influence from source to target"
2474,2474,row_target_and_column_source,"G[target_index, source_index] = directed influence from source to target"
2475,2475,row_target_and_column_source,"G[target_index, source_index] = directed influence from source to target"
2476,2476,row_target_and_column_source,"G[target_index, source_index] = directed influence from source to target"
2477,2477,row_target_and_column_source,"G[target_index, source_index] = directed influence from source to target"
2478,2478,row_target_and_column_source,"G[target_index, source_index] = directed influence from source to target"
2479,2479,row_target_and_column_source,"G[target_index, source_index] = directed influence from source to target"
2480,2480,row_target_and_column_source,"G[target_index, source_index] = directed influence from source to target"
2481,2481,row_target_and_column_source,"G[target_index, source_index] = directed influence from source to target"
2482,2482,row_target_and_column_source,"G[target_index, source_index] = directed influence from source to target"
2483,2483,row_target_and_column_source,"G[target_index, source_index] = directed influence from source to target"
2484,2484,row_target_and_column_source,"G[target_index, source_index] = directed influence from source to target"
2485,2485,row_target_and_column_source,"G[target_index, source_index] = directed influence from source to target"
2486,2486,row_target_and_column_source,"G[target_index, source_index] = directed influence from source to target"
2487,2487,row_target_and_column_source,"G[target_index, source_index] = directed influence from source to target"
2488,2488,row_target_and_column_source,"G[target_index, source_index] = directed influence from source to target"
2489,2489,row_target_and_column_source,"G[target_index, source_index] = directed influence from source to target"
2490,2490,row_target_and_column_source,"G[target_index, source_index] = directed influence from source to target"
2491,2491,row_target_and_column_source,"G[target_index, source_index] = directed influence from source to target"
2492,2492,row_target_and_column_source,"G[target_index, source_index] = directed influence from source to target"
2493,2493,row_target_and_column_source,"G[target_index, source_index] = directed influence from source to target"
2494,2494,row_target_and_column_source,"G[target_index, source_index] = directed influence from source to target"
2495,2495,row_target_and_column_source,"G[target_index, source_index] = directed influence from source to target"
2496,2496,row_target_and_column_source,"G[target_index, source_index] = directed influence from source to target"
2497,2497,row_target_and_column_source,"G[target_index, source_index] = directed influence from source to target"
2498,2498,row_target_and_column_source,"G[target_index, source_index] = directed influence from source to target"
2499,2499,row_target_and_column_source,"G[target_index, source_index] = directed influence from source to target"
2500,2500,row_target_and_column_source,"G[target_index, source_index] = directed influence from source to target"
2501,2501,row_target_and_column_source,"G[target_index, source_index] = directed influence from source to target"
2502,2502,row_target_and_column_source,"G[target_index, source_index] = directed influence from source to target"
2503,2503,row_target_and_column_source,"G[target_index, source_index] = directed influence from source to target"
2504,2504,row_target_and_column_source,"G[target_index, source_index] = directed influence from source to target"
2505,2505,row_target_and_column_source,"G[target_index, source_index] = directed influence from source to target"
2506,2506,row_target_and_column_source,"G[target_index, source_index] = directed influence from source to target"
2507,2507,row_target_and_column_source,"G[target_index, source_index] = directed influence from source to target"
2508,2508,row_target_and_column_source,"G[target_index, source_index] = directed influence from source to target"
2509,2509,row_target_and_column_source,"G[target_index, source_index] = directed influence from source to target"
2510,2510,row_target_and_column_source,"G[target_index, source_index] = directed influence from source to target"
2511,2511,row_target_and_column_source,"G[target_index, source_index] = directed influence from source to target"
2512,2512,row_target_and_column_source,"G[target_index, source_index] = directed influence from source to target"
2513,2513,row_target_and_column_source,"G[target_index, source_index] = directed influence from source to target"
2514,2514,row_target_and_column_source,"G[target_index, source_index] = directed influence from source to target"
2515,2515,row_target_and_column_source,"G[target_index, source_index] = directed influence from source to target"
2516,2516,row_target_and_column_source,"G[target_index, source_index] = directed influence from source to target"
2517,2517,row_target_and_column_source,"G[target_index, source_index] = directed influence from source to target"
2518,2518,row_target_and_column_source,"G[target_index, source_index] = directed influence from source to target"
2519,2519,row_target_and_column_source,"G[target_index, source_index] = directed influence from source to target"
2520,2520,row_target_and_column_source,"G[target_index, source_index] = directed influence from source to target"
2521,2521,row_target_and_column_source,"G[target_index, source_index] = directed influence from source to target"
2522,2522,row_target_and_column_source,"G[target_index, source_index] = directed influence from source to target"
2523,2523,row_target_and_column_source,"G[target_index, source_index] = directed influence from source to target"
2524,2524,row_target_and_column_source,"G[target_index, source_index] = directed influence from source to target"
2525,2525,row_target_and_column_source,"G[target_index, source_index] = directed influence from source to target"
2526,2526,row_target_and_column_source,"G[target_index, source_index] = directed influence from source to target"
2527,2527,row_target_and_column_source,"G[target_index, source_index] = directed influence from source to target"
2528,2528,row_target_and_column_source,"G[target_index, source_index] = directed influence from source to target"
2529,2529,row_target_and_column_source,"G[target_index, source_index] = directed influence from source to target"
2530,2530,row_target_and_column_source,"G[target_index, source_index] = directed influence from source to target"
2531,2531,row_target_and_column_source,"G[target_index, source_index] = directed influence from source to target"
2532,2532,row_target_and_column_source,"G[target_index, source_index] = directed influence from source to target"
2533,2533,row_target_and_column_source,"G[target_index, source_index] = directed influence from source to target"
2534,2534,row_target_and_column_source,"G[target_index, source_index] = directed influence from source to target"
2535,2535,row_target_and_column_source,"G[target_index, source_index] = directed influence from source to target"
2536,2536,row_target_and_column_source,"G[target_index, source_index] = directed influence from source to target"
2537,2537,row_target_and_column_source,"G[target_index, source_index] = directed influence from source to target"
2538,2538,row_target_and_column_source,"G[target_index, source_index] = directed influence from source to target"
2539,2539,row_target_and_column_source,"G[target_index, source_index] = directed influence from source to target"
2540,2540,row_target_and_column_source,"G[target_index, source_index] = directed influence from source to target"
2541,2541,row_target_and_column_source,"G[target_index, source_index] = directed influence from source to target"
2542,2542,row_target_and_column_source,"G[target_index, source_index] = directed influence from source to target"
2543,2543,row_target_and_column_source,"G[target_index, source_index] = directed influence from source to target"
2544,2544,row_target_and_column_source,"G[target_index, source_index] = directed influence from source to target"
2545,2545,row_target_and_column_source,"G[target_index, source_index] = directed influence from source to target"
2546,2546,row_target_and_column_source,"G[target_index, source_index] = directed influence from source to target"
2547,2547,row_target_and_column_source,"G[target_index, source_index] = directed influence from source to target"
2548,2548,row_target_and_column_source,"G[target_index, source_index] = directed influence from source to target"
2549,2549,row_target_and_column_source,"G[target_index, source_index] = directed influence from source to target"
2550,2550,row_target_and_column_source,"G[target_index, source_index] = directed influence from source to target"
2551,2551,row_target_and_column_source,"G[target_index, source_index] = directed influence from source to target"
2552,2552,row_target_and_column_source,"G[target_index, source_index] = directed influence from source to target"
2553,2553,row_target_and_column_source,"G[target_index, source_index] = directed influence from source to target"
2554,2554,row_target_and_column_source,"G[target_index, source_index] = directed influence from source to target"
2555,2555,row_target_and_column_source,"G[target_index, source_index] = directed influence from source to target"
2556,2556,row_target_and_column_source,"G[target_index, source_index] = directed influence from source to target"
2557,2557,row_target_and_column_source,"G[target_index, source_index] = directed influence from source to target"
2558,2558,row_target_and_column_source,"G[target_index, source_index] = directed influence from source to target"
2559,2559,row_target_and_column_source,"G[target_index, source_index] = directed influence from source to target"
2560,2560,row_target_and_column_source,"G[target_index, source_index] = directed influence from source to target"
2561,2561,row_target_and_column_source,"G[target_index, source_index] = directed influence from source to target"
2562,2562,row_target_and_column_source,"G[target_index, source_index] = directed influence from source to target"
2563,2563,row_target_and_column_source,"G[target_index, source_index] = directed influence from source to target"
2564,2564,row_target_and_column_source,"G[target_index, source_index] = directed influence from source to target"
2565,2565,row_target_and_column_source,"G[target_index, source_index] = directed influence from source to target"
2566,2566,row_target_and_column_source,"G[target_index, source_index] = directed influence from source to target"
2567,2567,row_target_and_column_source,"G[target_index, source_index] = directed influence from source to target"
2568,2568,row_target_and_column_source,"G[target_index, source_index] = directed influence from source to target"
2569,2569,row_target_and_column_source,"G[target_index, source_index] = directed influence from source to target"
2570,2570,row_target_and_column_source,"G[target_index, source_index] = directed influence from source to target"
2571,2571,row_target_and_column_source,"G[target_index, source_index] = directed influence from source to target"
2572,2572,row_target_and_column_source,"G[target_index, source_index] = directed influence from source to target"
2573,2573,row_target_and_column_source,"G[target_index, source_index] = directed influence from source to target"
2574,2574,row_target_and_column_source,"G[target_index, source_index] = directed influence from source to target"
2575,2575,row_target_and_column_source,"G[target_index, source_index] = directed influence from source to target"
2576,2576,row_target_and_column_source,"G[target_index, source_index] = directed influence from source to target"
2577,2577,row_target_and_column_source,"G[target_index, source_index] = directed influence from source to target"
2578,2578,row_target_and_column_source,"G[target_index, source_index] = directed influence from source to target"
2579,2579,row_target_and_column_source,"G[target_index, source_index] = directed influence from source to target"
2580,2580,row_target_and_column_source,"G[target_index, source_index] = directed influence from source to target"
2581,2581,row_target_and_column_source,"G[target_index, source_index] = directed influence from source to target"
2582,2582,row_target_and_column_source,"G[target_index, source_index] = directed influence from source to target"
2583,2583,row_target_and_column_source,"G[target_index, source_index] = directed influence from source to target"
2584,2584,row_target_and_column_source,"G[target_index, source_index] = directed influence from source to target"
2585,2585,row_target_and_column_source,"G[target_index, source_index] = directed influence from source to target"
2586,2586,row_target_and_column_source,"G[target_index, source_index] = directed influence from source to target"
2587,2587,row_target_and_column_source,"G[target_index, source_index] = directed influence from source to target"
2588,2588,row_target_and_column_source,"G[target_index, source_index] = directed influence from source to target"
2589,2589,row_target_and_column_source,"G[target_index, source_index] = directed influence from source to target"
2590,2590,row_target_and_column_source,"G[target_index, source_index] = directed influence from source to target"
2591,2591,row_target_and_column_source,"G[target_index, source_index] = directed influence from source to target"
2592,2592,row_target_and_column_source,"G[target_index, source_index] = directed influence from source to target"
2593,2593,row_target_and_column_source,"G[target_index, source_index] = directed influence from source to target"
2594,2594,row_target_and_column_source,"G[target_index, source_index] = directed influence from source to target"
2595,2595,row_target_and_column_source,"G[target_index, source_index] = directed influence from source to target"
2596,2596,row_target_and_column_source,"G[target_index, source_index] = directed influence from source to target"
2597,2597,row_target_and_column_source,"G[target_index, source_index] = directed influence from source to target"
2598,2598,row_target_and_column_source,"G[target_index, source_index] = directed influence from source to target"
2599,2599,row_target_and_column_source,"G[target_index, source_index] = directed influence from source to target"
2600,2600,row_target_and_column_source,"G[target_index, source_index] = directed influence from source to target"
2601,2601,row_target_and_column_source,"G[target_index, source_index] = directed influence from source to target"
2602,2602,row_target_and_column_source,"G[target_index, source_index] = directed influence from source to target"
2603,2603,row_target_and_column_source,"G[target_index, source_index] = directed influence from source to target"
2604,2604,row_target_and_column_source,"G[target_index, source_index] = directed influence from source to target"
2605,2605,row_target_and_column_source,"G[target_index, source_index] = directed influence from source to target"
2606,2606,row_target_and_column_source,"G[target_index, source_index] = directed influence from source to target"
2607,2607,row_target_and_column_source,"G[target_index, source_index] = directed influence from source to target"
2608,2608,row_target_and_column_source,"G[target_index, source_index] = directed influence from source to target"
2609,2609,row_target_and_column_source,"G[target_index, source_index] = directed influence from source to target"
2610,2610,row_target_and_column_source,"G[target_index, source_index] = directed influence from source to target"
2611,2611,row_target_and_column_source,"G[target_index, source_index] = directed influence from source to target"
2612,2612,row_target_and_column_source,"G[target_index, source_index] = directed influence from source to target"
2613,2613,row_target_and_column_source,"G[target_index, source_index] = directed influence from source to target"
2614,2614,row_target_and_column_source,"G[target_index, source_index] = directed influence from source to target"
2615,2615,row_target_and_column_source,"G[target_index, source_index] = directed influence from source to target"
2616,2616,row_target_and_column_source,"G[target_index, source_index] = directed influence from source to target"
2617,2617,row_target_and_column_source,"G[target_index, source_index] = directed influence from source to target"
2618,2618,row_target_and_column_source,"G[target_index, source_index] = directed influence from source to target"
2619,2619,row_target_and_column_source,"G[target_index, source_index] = directed influence from source to target"
2620,2620,row_target_and_column_source,"G[target_index, source_index] = directed influence from source to target"
2621,2621,row_target_and_column_source,"G[target_index, source_index] = directed influence from source to target"
2622,2622,row_target_and_column_source,"G[target_index, source_index] = directed influence from source to target"
2623,2623,row_target_and_column_source,"G[target_index, source_index] = directed influence from source to target"
2624,2624,row_target_and_column_source,"G[target_index, source_index] = directed influence from source to target"
2625,2625,row_target_and_column_source,"G[target_index, source_index] = directed influence from source to target"
2626,2626,row_target_and_column_source,"G[target_index, source_index] = directed influence from source to target"
2627,2627,row_target_and_column_source,"G[target_index, source_index] = directed influence from source to target"
2628,2628,row_target_and_column_source,"G[target_index, source_index] = directed influence from source to target"
2629,2629,row_target_and_column_source,"G[target_index, source_index] = directed influence from source to target"
2630,2630,row_target_and_column_source,"G[target_index, source_index] = directed influence from source to target"
2631,2631,row_target_and_column_source,"G[target_index, source_index] = directed influence from source to target"
2632,2632,row_target_and_column_source,"G[target_index, source_index] = directed influence from source to target"
2633,2633,row_target_and_column_source,"G[target_index, source_index] = directed influence from source to target"
2634,2634,row_target_and_column_source,"G[target_index, source_index] = directed influence from source to target"
2635,2635,row_target_and_column_source,"G[target_index, source_index] = directed influence from source to target"
2636,2636,row_target_and_column_source,"G[target_index, source_index] = directed influence from source to target"
2637,2637,row_target_and_column_source,"G[target_index, source_index] = directed influence from source to target"
2638,2638,row_target_and_column_source,"G[target_index, source_index] = directed influence from source to target"
2639,2639,row_target_and_column_source,"G[target_index, source_index] = directed influence from source to target"
2640,2640,row_target_and_column_source,"G[target_index, source_index] = directed influence from source to target"
2641,2641,row_target_and_column_source,"G[target_index, source_index] = directed influence from source to target"
2642,2642,row_target_and_column_source,"G[target_index, source_index] = directed influence from source to target"
2643,2643,row_target_and_column_source,"G[target_index, source_index] = directed influence from source to target"
2644,2644,row_target_and_column_source,"G[target_index, source_index] = directed influence from source to target"
2645,2645,row_target_and_column_source,"G[target_index, source_index] = directed influence from source to target"
2646,2646,row_target_and_column_source,"G[target_index, source_index] = directed influence from source to target"
2647,2647,row_target_and_column_source,"G[target_index, source_index] = directed influence from source to target"
2648,2648,row_target_and_column_source,"G[target_index, source_index] = directed influence from source to target"
2649,2649,row_target_and_column_source,"G[target_index, source_index] = directed influence from source to target"
2650,2650,row_target_and_column_source,"G[target_index, source_index] = directed influence from source to target"
2651,2651,row_target_and_column_source,"G[target_index, source_index] = directed influence from source to target"
2652,2652,row_target_and_column_source,"G[target_index, source_index] = directed influence from source to target"
2653,2653,row_target_and_column_source,"G[target_index, source_index] = directed influence from source to target"
2654,2654,row_target_and_column_source,"G[target_index, source_index] = directed influence from source to target"
2655,2655,row_target_and_column_source,"G[target_index, source_index] = directed influence from source to target"
2656,2656,row_target_and_column_source,"G[target_index, source_index] = directed influence from source to target"
2657,2657,row_target_and_column_source,"G[target_index, source_index] = directed influence from source to target"
2658,2658,row_target_and_column_source,"G[target_index, source_index] = directed influence from source to target"
2659,2659,row_target_and_column_source,"G[target_index, source_index] = directed influence from source to target"
2660,2660,row_target_and_column_source,"G[target_index, source_index] = directed influence from source to target"
2661,2661,row_target_and_column_source,"G[target_index, source_index] = directed influence from source to target"
2662,2662,row_target_and_column_source,"G[target_index, source_index] = directed influence from source to target"
2663,2663,row_target_and_column_source,"G[target_index, source_index] = directed influence from source to target"
2664,2664,row_target_and_column_source,"G[target_index, source_index] = directed influence from source to target"
2665,2665,row_target_and_column_source,"G[target_index, source_index] = directed influence from source to target"
2666,2666,row_target_and_column_source,"G[target_index, source_index] = directed influence from source to target"
2667,2667,row_target_and_column_source,"G[target_index, source_index] = directed influence from source to target"
2668,2668,row_target_and_column_source,"G[target_index, source_index] = directed influence from source to target"
2669,2669,row_target_and_column_source,"G[target_index, source_index] = directed influence from source to target"
2670,2670,row_target_and_column_source,"G[target_index, source_index] = directed influence from source to target"
2671,2671,row_target_and_column_source,"G[target_index, source_index] = directed influence from source to target"
2672,2672,row_target_and_column_source,"G[target_index, source_index] = directed influence from source to target"
2673,2673,row_target_and_column_source,"G[target_index, source_index] = directed influence from source to target"
2674,2674,row_target_and_column_source,"G[target_index, source_index] = directed influence from source to target"
2675,2675,row_target_and_column_source,"G[target_index, source_index] = directed influence from source to target"
2676,2676,row_target_and_column_source,"G[target_index, source_index] = directed influence from source to target"
2677,2677,row_target_and_column_source,"G[target_index, source_index] = directed influence from source to target"
2678,2678,row_target_and_column_source,"G[target_index, source_index] = directed influence from source to target"
2679,2679,row_target_and_column_source,"G[target_index, source_index] = directed influence from source to target"
2680,2680,row_target_and_column_source,"G[target_index, source_index] = directed influence from source to target"
2681,2681,row_target_and_column_source,"G[target_index, source_index] = directed influence from source to target"
2682,2682,row_target_and_column_source,"G[target_index, source_index] = directed influence from source to target"
2683,2683,row_target_and_column_source,"G[target_index, source_index] = directed influence from source to target"
2684,2684,row_target_and_column_source,"G[target_index, source_index] = directed influence from source to target"
2685,2685,row_target_and_column_source,"G[target_index, source_index] = directed influence from source to target"
2686,2686,row_target_and_column_source,"G[target_index, source_index] = directed influence from source to target"
2687,2687,row_target_and_column_source,"G[target_index, source_index] = directed influence from source to target"
2688,2688,row_target_and_column_source,"G[target_index, source_index] = directed influence from source to target"
2689,2689,row_target_and_column_source,"G[target_index, source_index] = directed influence from source to target"
2690,2690,row_target_and_column_source,"G[target_index, source_index] = directed influence from source to target"
2691,2691,row_target_and_column_source,"G[target_index, source_index] = directed influence from source to target"
2692,2692,row_target_and_column_source,"G[target_index, source_index] = directed influence from source to target"
2693,2693,row_target_and_column_source,"G[target_index, source_index] = directed influence from source to target"
2694,2694,row_target_and_column_source,"G[target_index, source_index] = directed influence from source to target"
2695,2695,row_target_and_column_source,"G[target_index, source_index] = directed influence from source to target"
2696,2696,row_target_and_column_source,"G[target_index, source_index] = directed influence from source to target"
2697,2697,row_target_and_column_source,"G[target_index, source_index] = directed influence from source to target"
2698,2698,row_target_and_column_source,"G[target_index, source_index] = directed influence from source to target"
2699,2699,row_target_and_column_source,"G[target_index, source_index] = directed influence from source to target"
2700,2700,row_target_and_column_source,"G[target_index, source_index] = directed influence from source to target"
2701,2701,row_target_and_column_source,"G[target_index, source_index] = directed influence from source to target"
2702,2702,row_target_and_column_source,"G[target_index, source_index] = directed influence from source to target"
2703,2703,row_target_and_column_source,"G[target_index, source_index] = directed influence from source to target"
2704,2704,row_target_and_column_source,"G[target_index, source_index] = directed influence from source to target"
2705,2705,row_target_and_column_source,"G[target_index, source_index] = directed influence from source to target"
2706,2706,row_target_and_column_source,"G[target_index, source_index] = directed influence from source to target"
2707,2707,row_target_and_column_source,"G[target_index, source_index] = directed influence from source to target"
2708,2708,row_target_and_column_source,"G[target_index, source_index] = directed influence from source to target"
2709,2709,row_target_and_column_source,"G[target_index, source_index] = directed influence from source to target"
2710,2710,row_target_and_column_source,"G[target_index, source_index] = directed influence from source to target"
2711,2711,row_target_and_column_source,"G[target_index, source_index] = directed influence from source to target"
2712,2712,row_target_and_column_source,"G[target_index, source_index] = directed influence from source to target"
2713,2713,row_target_and_column_source,"G[target_index, source_index] = directed influence from source to target"
2714,2714,row_target_and_column_source,"G[target_index, source_index] = directed influence from source to target"
2715,2715,row_target_and_column_source,"G[target_index, source_index] = directed influence from source to target"
2716,2716,row_target_and_column_source,"G[target_index, source_index] = directed influence from source to target"
2717,2717,row_target_and_column_source,"G[target_index, source_index] = directed influence from source to target"
2718,2718,row_target_and_column_source,"G[target_index, source_index] = directed influence from source to target"
2719,2719,row_target_and_column_source,"G[target_index, source_index] = directed influence from source to target"
2720,2720,row_target_and_column_source,"G[target_index, source_index] = directed influence from source to target"
2721,2721,row_target_and_column_source,"G[target_index, source_index] = directed influence from source to target"
2722,2722,row_target_and_column_source,"G[target_index, source_index] = directed influence from source to target"
2723,2723,row_target_and_column_source,"G[target_index, source_index] = directed influence from source to target"
2724,2724,row_target_and_column_source,"G[target_index, source_index] = directed influence from source to target"
2725,2725,row_target_and_column_source,"G[target_index, source_index] = directed influence from source to target"
2726,2726,row_target_and_column_source,"G[target_index, source_index] = directed influence from source to target"
2727,2727,row_target_and_column_source,"G[target_index, source_index] = directed influence from source to target"
2728,2728,row_target_and_column_source,"G[target_index, source_index] = directed influence from source to target"
2729,2729,row_target_and_column_source,"G[target_index, source_index] = directed influence from source to target"
2730,2730,row_target_and_column_source,"G[target_index, source_index] = directed influence from source to target"
2731,2731,row_target_and_column_source,"G[target_index, source_index] = directed influence from source to target"
2732,2732,row_target_and_column_source,"G[target_index, source_index] = directed influence from source to target"
2733,2733,row_target_and_column_source,"G[target_index, source_index] = directed influence from source to target"
2734,2734,row_target_and_column_source,"G[target_index, source_index] = directed influence from source to target"
2735,2735,row_target_and_column_source,"G[target_index, source_index] = directed influence from source to target"
2736,2736,row_target_and_column_source,"G[target_index, source_index] = directed influence from source to target"
2737,2737,row_target_and_column_source,"G[target_index, source_index] = directed influence from source to target"
2738,2738,row_target_and_column_source,"G[target_index, source_index] = directed influence from source to target"
2739,2739,row_target_and_column_source,"G[target_index, source_index] = directed influence from source to target"
2740,2740,row_target_and_column_source,"G[target_index, source_index] = directed influence from source to target"
2741,2741,row_target_and_column_source,"G[target_index, source_index] = directed influence from source to target"
2742,2742,row_target_and_column_source,"G[target_index, source_index] = directed influence from source to target"
2743,2743,row_target_and_column_source,"G[target_index, source_index] = directed influence from source to target"
2744,2744,row_target_and_column_source,"G[target_index, source_index] = directed influence from source to target"
2745,2745,row_target_and_column_source,"G[target_index, source_index] = directed influence from source to target"
2746,2746,row_target_and_column_source,"G[target_index, source_index] = directed influence from source to target"
2747,2747,row_target_and_column_source,"G[target_index, source_index] = directed influence from source to target"
2748,2748,row_target_and_column_source,"G[target_index, source_index] = directed influence from source to target"
2749,2749,row_target_and_column_source,"G[target_index, source_index] = directed influence from source to target"
2750,2750,row_target_and_column_source,"G[target_index, source_index] = directed influence from source to target"
2751,2751,row_target_and_column_source,"G[target_index, source_index] = directed influence from source to target"
2752,2752,row_target_and_column_source,"G[target_index, source_index] = directed influence from source to target"
2753,2753,row_target_and_column_source,"G[target_index, source_index] = directed influence from source to target"
2754,2754,row_target_and_column_source,"G[target_index, source_index] = directed influence from source to target"
2755,2755,row_target_and_column_source,"G[target_index, source_index] = directed influence from source to target"
2756,2756,row_target_and_column_source,"G[target_index, source_index] = directed influence from source to target"
2757,2757,row_target_and_column_source,"G[target_index, source_index] = directed influence from source to target"
2758,2758,row_target_and_column_source,"G[target_index, source_index] = directed influence from source to target"
2759,2759,row_target_and_column_source,"G[target_index, source_index] = directed influence from source to target"
2760,2760,row_target_and_column_source,"G[target_index, source_index] = directed influence from source to target"
2761,2761,row_target_and_column_source,"G[target_index, source_index] = directed influence from source to target"
2762,2762,row_target_and_column_source,"G[target_index, source_index] = directed influence from source to target"
2763,2763,row_target_and_column_source,"G[target_index, source_index] = directed influence from source to target"
2764,2764,row_target_and_column_source,"G[target_index, source_index] = directed influence from source to target"
2765,2765,row_target_and_column_source,"G[target_index, source_index] = directed influence from source to target"
2766,2766,row_target_and_column_source,"G[target_index, source_index] = directed influence from source to target"
2767,2767,row_target_and_column_source,"G[target_index, source_index] = directed influence from source to target"
2768,2768,row_target_and_column_source,"G[target_index, source_index] = directed influence from source to target"
2769,2769,row_target_and_column_source,"G[target_index, source_index] = directed influence from source to target"
2770,2770,row_target_and_column_source,"G[target_index, source_index] = directed influence from source to target"
2771,2771,row_target_and_column_source,"G[target_index, source_index] = directed influence from source to target"
2772,2772,row_target_and_column_source,"G[target_index, source_index] = directed influence from source to target"
2773,2773,row_target_and_column_source,"G[target_index, source_index] = directed influence from source to target"
2774,2774,row_target_and_column_source,"G[target_index, source_index] = directed influence from source to target"
2775,2775,row_target_and_column_source,"G[target_index, source_index] = directed influence from source to target"
2776,2776,row_target_and_column_source,"G[target_index, source_index] = directed influence from source to target"
2777,2777,row_target_and_column_source,"G[target_index, source_index] = directed influence from source to target"
2778,2778,row_target_and_column_source,"G[target_index, source_index] = directed influence from source to target"
2779,2779,row_target_and_column_source,"G[target_index, source_index] = directed influence from source to target"
2780,2780,row_target_and_column_source,"G[target_index, source_index] = directed influence from source to target"
2781,2781,row_target_and_column_source,"G[target_index, source_index] = directed influence from source to target"
2782,2782,row_target_and_column_source,"G[target_index, source_index] = directed influence from source to target"
2783,2783,row_target_and_column_source,"G[target_index, source_index] = directed influence from source to target"
2784,2784,row_target_and_column_source,"G[target_index, source_index] = directed influence from source to target"
2785,2785,row_target_and_column_source,"G[target_index, source_index] = directed influence from source to target"
2786,2786,row_target_and_column_source,"G[target_index, source_index] = directed influence from source to target"
2787,2787,row_target_and_column_source,"G[target_index, source_index] = directed influence from source to target"
2788,2788,row_target_and_column_source,"G[target_index, source_index] = directed influence from source to target"
2789,2789,row_target_and_column_source,"G[target_index, source_index] = directed influence from source to target"
2790,2790,row_target_and_column_source,"G[target_index, source_index] = directed influence from source to target"
2791,2791,row_target_and_column_source,"G[target_index, source_index] = directed influence from source to target"
2792,2792,row_target_and_column_source,"G[target_index, source_index] = directed influence from source to target"
2793,2793,row_target_and_column_source,"G[target_index, source_index] = directed influence from source to target"
2794,2794,row_target_and_column_source,"G[target_index, source_index] = directed influence from source to target"
2795,2795,row_target_and_column_source,"G[target_index, source_index] = directed influence from source to target"
2796,2796,row_target_and_column_source,"G[target_index, source_index] = directed influence from source to target"
2797,2797,row_target_and_column_source,"G[target_index, source_index] = directed influence from source to target"
2798,2798,row_target_and_column_source,"G[target_index, source_index] = directed influence from source to target"
2799,2799,row_target_and_column_source,"G[target_index, source_index] = directed influence from source to target"
2800,2800,row_target_and_column_source,"G[target_index, source_index] = directed influence from source to target"
2801,2801,row_target_and_column_source,"G[target_index, source_index] = directed influence from source to target"
2802,2802,row_target_and_column_source,"G[target_index, source_index] = directed influence from source to target"
2803,2803,row_target_and_column_source,"G[target_index, source_index] = directed influence from source to target"
2804,2804,row_target_and_column_source,"G[target_index, source_index] = directed influence from source to target"
2805,2805,row_target_and_column_source,"G[target_index, source_index] = directed influence from source to target"
2806,2806,row_target_and_column_source,"G[target_index, source_index] = directed influence from source to target"
2807,2807,row_target_and_column_source,"G[target_index, source_index] = directed influence from source to target"
2808,2808,row_target_and_column_source,"G[target_index, source_index] = directed influence from source to target"
2809,2809,row_target_and_column_source,"G[target_index, source_index] = directed influence from source to target"
2810,2810,row_target_and_column_source,"G[target_index, source_index] = directed influence from source to target"
2811,2811,row_target_and_column_source,"G[target_index, source_index] = directed influence from source to target"
2812,2812,row_target_and_column_source,"G[target_index, source_index] = directed influence from source to target"
2813,2813,row_target_and_column_source,"G[target_index, source_index] = directed influence from source to target"
2814,2814,row_target_and_column_source,"G[target_index, source_index] = directed influence from source to target"
2815,2815,row_target_and_column_source,"G[target_index, source_index] = directed influence from source to target"
2816,2816,row_target_and_column_source,"G[target_index, source_index] = directed influence from source to target"
2817,2817,row_target_and_column_source,"G[target_index, source_index] = directed influence from source to target"
2818,2818,row_target_and_column_source,"G[target_index, source_index] = directed influence from source to target"
2819,2819,row_target_and_column_source,"G[target_index, source_index] = directed influence from source to target"
2820,2820,row_target_and_column_source,"G[target_index, source_index] = directed influence from source to target"
2821,2821,row_target_and_column_source,"G[target_index, source_index] = directed influence from source to target"
2822,2822,row_target_and_column_source,"G[target_index, source_index] = directed influence from source to target"
2823,2823,row_target_and_column_source,"G[target_index, source_index] = directed influence from source to target"
2824,2824,row_target_and_column_source,"G[target_index, source_index] = directed influence from source to target"
2825,2825,row_target_and_column_source,"G[target_index, source_index] = directed influence from source to target"
2826,2826,row_target_and_column_source,"G[target_index, source_index] = directed influence from source to target"
2827,2827,row_target_and_column_source,"G[target_index, source_index] = directed influence from source to target"
2828,2828,row_target_and_column_source,"G[target_index, source_index] = directed influence from source to target"
2829,2829,row_target_and_column_source,"G[target_index, source_index] = directed influence from source to target"
2830,2830,row_target_and_column_source,"G[target_index, source_index] = directed influence from source to target"
2831,2831,row_target_and_column_source,"G[target_index, source_index] = directed influence from source to target"
2832,2832,row_target_and_column_source,"G[target_index, source_index] = directed influence from source to target"
2833,2833,row_target_and_column_source,"G[target_index, source_index] = directed influence from source to target"
2834,2834,row_target_and_column_source,"G[target_index, source_index] = directed influence from source to target"
2835,2835,row_target_and_column_source,"G[target_index, source_index] = directed influence from source to target"
2836,2836,row_target_and_column_source,"G[target_index, source_index] = directed influence from source to target"
2837,2837,row_target_and_column_source,"G[target_index, source_index] = directed influence from source to target"
2838,2838,row_target_and_column_source,"G[target_index, source_index] = directed influence from source to target"
2839,2839,row_target_and_column_source,"G[target_index, source_index] = directed influence from source to target"
2840,2840,row_target_and_column_source,"G[target_index, source_index] = directed influence from source to target"
2841,2841,row_target_and_column_source,"G[target_index, source_index] = directed influence from source to target"
2842,2842,row_target_and_column_source,"G[target_index, source_index] = directed influence from source to target"
2843,2843,row_target_and_column_source,"G[target_index, source_index] = directed influence from source to target"
2844,2844,row_target_and_column_source,"G[target_index, source_index] = directed influence from source to target"
2845,2845,row_target_and_column_source,"G[target_index, source_index] = directed influence from source to target"
2846,2846,row_target_and_column_source,"G[target_index, source_index] = directed influence from source to target"
2847,2847,row_target_and_column_source,"G[target_index, source_index] = directed influence from source to target"
2848,2848,row_target_and_column_source,"G[target_index, source_index] = directed influence from source to target"
2849,2849,row_target_and_column_source,"G[target_index, source_index] = directed influence from source to target"
2850,2850,row_target_and_column_source,"G[target_index, source_index] = directed influence from source to target"
2851,2851,row_target_and_column_source,"G[target_index, source_index] = directed influence from source to target"
2852,2852,row_target_and_column_source,"G[target_index, source_index] = directed influence from source to target"
2853,2853,row_target_and_column_source,"G[target_index, source_index] = directed influence from source to target"
2854,2854,row_target_and_column_source,"G[target_index, source_index] = directed influence from source to target"
2855,2855,row_target_and_column_source,"G[target_index, source_index] = directed influence from source to target"
2856,2856,row_target_and_column_source,"G[target_index, source_index] = directed influence from source to target"
2857,2857,row_target_and_column_source,"G[target_index, source_index] = directed influence from source to target"
2858,2858,row_target_and_column_source,"G[target_index, source_index] = directed influence from source to target"
2859,2859,row_target_and_column_source,"G[target_index, source_index] = directed influence from source to target"
2860,2860,row_target_and_column_source,"G[target_index, source_index] = directed influence from source to target"
2861,2861,row_target_and_column_source,"G[target_index, source_index] = directed influence from source to target"
2862,2862,row_target_and_column_source,"G[target_index, source_index] = directed influence from source to target"
2863,2863,row_target_and_column_source,"G[target_index, source_index] = directed influence from source to target"
2864,2864,row_target_and_column_source,"G[target_index, source_index] = directed influence from source to target"
2865,2865,row_target_and_column_source,"G[target_index, source_index] = directed influence from source to target"
2866,2866,row_target_and_column_source,"G[target_index, source_index] = directed influence from source to target"
2867,2867,row_target_and_column_source,"G[target_index, source_index] = directed influence from source to target"
2868,2868,row_target_and_column_source,"G[target_index, source_index] = directed influence from source to target"
2869,2869,row_target_and_column_source,"G[target_index, source_index] = directed influence from source to target"
2870,2870,row_target_and_column_source,"G[target_index, source_index] = directed influence from source to target"
2871,2871,row_target_and_column_source,"G[target_index, source_index] = directed influence from source to target"
2872,2872,row_target_and_column_source,"G[target_index, source_index] = directed influence from source to target"
2873,2873,row_target_and_column_source,"G[target_index, source_index] = directed influence from source to target"
2874,2874,row_target_and_column_source,"G[target_index, source_index] = directed influence from source to target"
2875,2875,row_target_and_column_source,"G[target_index, source_index] = directed influence from source to target"
2876,2876,row_target_and_column_source,"G[target_index, source_index] = directed influence from source to target"
2877,2877,row_target_and_column_source,"G[target_index, source_index] = directed influence from source to target"
2878,2878,row_target_and_column_source,"G[target_index, source_index] = directed influence from source to target"
2879,2879,row_target_and_column_source,"G[target_index, source_index] = directed influence from source to target"
2880,2880,row_target_and_column_source,"G[target_index, source_index] = directed influence from source to target"
2881,2881,row_target_and_column_source,"G[target_index, source_index] = directed influence from source to target"
2882,2882,row_target_and_column_source,"G[target_index, source_index] = directed influence from source to target"
2883,2883,row_target_and_column_source,"G[target_index, source_index] = directed influence from source to target"
2884,2884,row_target_and_column_source,"G[target_index, source_index] = directed influence from source to target"
2885,2885,row_target_and_column_source,"G[target_index, source_index] = directed influence from source to target"
2886,2886,row_target_and_column_source,"G[target_index, source_index] = directed influence from source to target"
2887,2887,row_target_and_column_source,"G[target_index, source_index] = directed influence from source to target"
2888,2888,row_target_and_column_source,"G[target_index, source_index] = directed influence from source to target"
2889,2889,row_target_and_column_source,"G[target_index, source_index] = directed influence from source to target"
2890,2890,row_target_and_column_source,"G[target_index, source_index] = directed influence from source to target"
2891,2891,row_target_and_column_source,"G[target_index, source_index] = directed influence from source to target"
2892,2892,row_target_and_column_source,"G[target_index, source_index] = directed influence from source to target"
2893,2893,row_target_and_column_source,"G[target_index, source_index] = directed influence from source to target"
2894,2894,row_target_and_column_source,"G[target_index, source_index] = directed influence from source to target"
2895,2895,row_target_and_column_source,"G[target_index, source_index] = directed influence from source to target"
2896,2896,row_target_and_column_source,"G[target_index, source_index] = directed influence from source to target"
2897,2897,row_target_and_column_source,"G[target_index, source_index] = directed influence from source to target"
2898,2898,row_target_and_column_source,"G[target_index, source_index] = directed influence from source to target"
2899,2899,row_target_and_column_source,"G[target_index, source_index] = directed influence from source to target"
2900,2900,row_target_and_column_source,"G[target_index, source_index] = directed influence from source to target"
2901,2901,row_target_and_column_source,"G[target_index, source_index] = directed influence from source to target"
2902,2902,row_target_and_column_source,"G[target_index, source_index] = directed influence from source to target"
2903,2903,row_target_and_column_source,"G[target_index, source_index] = directed influence from source to target"
2904,2904,row_target_and_column_source,"G[target_index, source_index] = directed influence from source to target"
2905,2905,row_target_and_column_source,"G[target_index, source_index] = directed influence from source to target"
2906,2906,row_target_and_column_source,"G[target_index, source_index] = directed influence from source to target"
2907,2907,row_target_and_column_source,"G[target_index, source_index] = directed influence from source to target"
2908,2908,row_target_and_column_source,"G[target_index, source_index] = directed influence from source to target"
2909,2909,row_target_and_column_source,"G[target_index, source_index] = directed influence from source to target"
2910,2910,row_target_and_column_source,"G[target_index, source_index] = directed influence from source to target"
2911,2911,row_target_and_column_source,"G[target_index, source_index] = directed influence from source to target"
2912,2912,row_target_and_column_source,"G[target_index, source_index] = directed influence from source to target"
2913,2913,row_target_and_column_source,"G[target_index, source_index] = directed influence from source to target"
2914,2914,row_target_and_column_source,"G[target_index, source_index] = directed influence from source to target"
2915,2915,row_target_and_column_source,"G[target_index, source_index] = directed influence from source to target"
2916,2916,row_target_and_column_source,"G[target_index, source_index] = directed influence from source to target"
2917,2917,row_target_and_column_source,"G[target_index, source_index] = directed influence from source to target"
2918,2918,row_target_and_column_source,"G[target_index, source_index] = directed influence from source to target"
2919,2919,row_target_and_column_source,"G[target_index, source_index] = directed influence from source to target"
2920,2920,row_target_and_column_source,"G[target_index, source_index] = directed influence from source to target"
2921,2921,row_target_and_column_source,"G[target_index, source_index] = directed influence from source to target"
2922,2922,row_target_and_column_source,"G[target_index, source_index] = directed influence from source to target"
2923,2923,row_target_and_column_source,"G[target_index, source_index] = directed influence from source to target"
2924,2924,row_target_and_column_source,"G[target_index, source_index] = directed influence from source to target"
2925,2925,row_target_and_column_source,"G[target_index, source_index] = directed influence from source to target"
2926,2926,row_target_and_column_source,"G[target_index, source_index] = directed influence from source to target"
2927,2927,row_target_and_column_source,"G[target_index, source_index] = directed influence from source to target"
2928,2928,row_target_and_column_source,"G[target_index, source_index] = directed influence from source to target"
2929,2929,row_target_and_column_source,"G[target_index, source_index] = directed influence from source to target"
2930,2930,row_target_and_column_source,"G[target_index, source_index] = directed influence from source to target"
2931,2931,row_target_and_column_source,"G[target_index, source_index] = directed influence from source to target"
2932,2932,row_target_and_column_source,"G[target_index, source_index] = directed influence from source to target"
2933,2933,row_target_and_column_source,"G[target_index, source_index] = directed influence from source to target"
2934,2934,row_target_and_column_source,"G[target_index, source_index] = directed influence from source to target"
2935,2935,row_target_and_column_source,"G[target_index, source_index] = directed influence from source to target"
2936,2936,row_target_and_column_source,"G[target_index, source_index] = directed influence from source to target"
2937,2937,row_target_and_column_source,"G[target_index, source_index] = directed influence from source to target"
2938,2938,row_target_and_column_source,"G[target_index, source_index] = directed influence from source to target"
2939,2939,row_target_and_column_source,"G[target_index, source_index] = directed influence from source to target"
2940,2940,row_target_and_column_source,"G[target_index, source_index] = directed influence from source to target"
2941,2941,row_target_and_column_source,"G[target_index, source_index] = directed influence from source to target"
2942,2942,row_target_and_column_source,"G[target_index, source_index] = directed influence from source to target"
2943,2943,row_target_and_column_source,"G[target_index, source_index] = directed influence from source to target"
2944,2944,row_target_and_column_source,"G[target_index, source_index] = directed influence from source to target"
2945,2945,row_target_and_column_source,"G[target_index, source_index] = directed influence from source to target"
2946,2946,row_target_and_column_source,"G[target_index, source_index] = directed influence from source to target"
2947,2947,row_target_and_column_source,"G[target_index, source_index] = directed influence from source to target"
2948,2948,row_target_and_column_source,"G[target_index, source_index] = directed influence from source to target"
2949,2949,row_target_and_column_source,"G[target_index, source_index] = directed influence from source to target"
2950,2950,row_target_and_column_source,"G[target_index, source_index] = directed influence from source to target"
2951,2951,row_target_and_column_source,"G[target_index, source_index] = directed influence from source to target"
2952,2952,row_target_and_column_source,"G[target_index, source_index] = directed influence from source to target"
2953,2953,row_target_and_column_source,"G[target_index, source_index] = directed influence from source to target"
2954,2954,row_target_and_column_source,"G[target_index, source_index] = directed influence from source to target"
2955,2955,row_target_and_column_source,"G[target_index, source_index] = directed influence from source to target"
2956,2956,row_target_and_column_source,"G[target_index, source_index] = directed influence from source to target"
2957,2957,row_target_and_column_source,"G[target_index, source_index] = directed influence from source to target"
2958,2958,row_target_and_column_source,"G[target_index, source_index] = directed influence from source to target"
2959,2959,row_target_and_column_source,"G[target_index, source_index] = directed influence from source to target"
2960,2960,row_target_and_column_source,"G[target_index, source_index] = directed influence from source to target"
2961,2961,row_target_and_column_source,"G[target_index, source_index] = directed influence from source to target"
2962,2962,row_target_and_column_source,"G[target_index, source_index] = directed influence from source to target"
2963,2963,row_target_and_column_source,"G[target_index, source_index] = directed influence from source to target"
2964,2964,row_target_and_column_source,"G[target_index, source_index] = directed influence from source to target"
2965,2965,row_target_and_column_source,"G[target_index, source_index] = directed influence from source to target"
2966,2966,row_target_and_column_source,"G[target_index, source_index] = directed influence from source to target"
2967,2967,row_target_and_column_source,"G[target_index, source_index] = directed influence from source to target"
2968,2968,row_target_and_column_source,"G[target_index, source_index] = directed influence from source to target"
2969,2969,row_target_and_column_source,"G[target_index, source_index] = directed influence from source to target"
2970,2970,row_target_and_column_source,"G[target_index, source_index] = directed influence from source to target"
2971,2971,row_target_and_column_source,"G[target_index, source_index] = directed influence from source to target"
2972,2972,row_target_and_column_source,"G[target_index, source_index] = directed influence from source to target"
2973,2973,row_target_and_column_source,"G[target_index, source_index] = directed influence from source to target"
2974,2974,row_target_and_column_source,"G[target_index, source_index] = directed influence from source to target"
2975,2975,row_target_and_column_source,"G[target_index, source_index] = directed influence from source to target"
2976,2976,row_target_and_column_source,"G[target_index, source_index] = directed influence from source to target"
2977,2977,row_target_and_column_source,"G[target_index, source_index] = directed influence from source to target"
2978,2978,row_target_and_column_source,"G[target_index, source_index] = directed influence from source to target"
2979,2979,row_target_and_column_source,"G[target_index, source_index] = directed influence from source to target"
2980,2980,row_target_and_column_source,"G[target_index, source_index] = directed influence from source to target"
2981,2981,row_target_and_column_source,"G[target_index, source_index] = directed influence from source to target"
2982,2982,row_target_and_column_source,"G[target_index, source_index] = directed influence from source to target"
2983,2983,row_target_and_column_source,"G[target_index, source_index] = directed influence from source to target"
2984,2984,row_target_and_column_source,"G[target_index, source_index] = directed influence from source to target"
2985,2985,row_target_and_column_source,"G[target_index, source_index] = directed influence from source to target"
2986,2986,row_target_and_column_source,"G[target_index, source_index] = directed influence from source to target"
2987,2987,row_target_and_column_source,"G[target_index, source_index] = directed influence from source to target"
2988,2988,row_target_and_column_source,"G[target_index, source_index] = directed influence from source to target"
2989,2989,row_target_and_column_source,"G[target_index, source_index] = directed influence from source to target"
2990,2990,row_target_and_column_source,"G[target_index, source_index] = directed influence from source to target"
2991,2991,row_target_and_column_source,"G[target_index, source_index] = directed influence from source to target"
2992,2992,row_target_and_column_source,"G[target_index, source_index] = directed influence from source to target"
2993,2993,row_target_and_column_source,"G[target_index, source_index] = directed influence from source to target"
2994,2994,row_target_and_column_source,"G[target_index, source_index] = directed influence from source to target"
2995,2995,row_target_and_column_source,"G[target_index, source_index] = directed influence from source to target"
2996,2996,row_target_and_column_source,"G[target_index, source_index] = directed influence from source to target"
2997,2997,row_target_and_column_source,"G[target_index, source_index] = directed influence from source to target"
2998,2998,row_target_and_column_source,"G[target_index, source_index] = directed influence from source to target"
2999,2999,row_target_and_column_source,"G[target_index, source_index] = directed influence from source to target"
3000,3000,row_target_and_column_source,"G[target_index, source_index] = directed influence from source to target"
3001,3001,row_target_and_column_source,"G[target_index, source_index] = directed influence from source to target"
3002,3002,row_target_and_column_source,"G[target_index, source_index] = directed influence from source to target"
3003,3003,row_target_and_column_source,"G[target_index, source_index] = directed influence from source to target"
3004,3004,row_target_and_column_source,"G[target_index, source_index] = directed influence from source to target"
3005,3005,row_target_and_column_source,"G[target_index, source_index] = directed influence from source to target"
3006,3006,row_target_and_column_source,"G[target_index, source_index] = directed influence from source to target"
3007,3007,row_target_and_column_source,"G[target_index, source_index] = directed influence from source to target"
3008,3008,row_target_and_column_source,"G[target_index, source_index] = directed influence from source to target"
3009,3009,row_target_and_column_source,"G[target_index, source_index] = directed influence from source to target"
3010,3010,row_target_and_column_source,"G[target_index, source_index] = directed influence from source to target"
3011,3011,row_target_and_column_source,"G[target_index, source_index] = directed influence from source to target"
3012,3012,row_target_and_column_source,"G[target_index, source_index] = directed influence from source to target"
3013,3013,row_target_and_column_source,"G[target_index, source_index] = directed influence from source to target"
3014,3014,row_target_and_column_source,"G[target_index, source_index] = directed influence from source to target"
3015,3015,row_target_and_column_source,"G[target_index, source_index] = directed influence from source to target"
3016,3016,row_target_and_column_source,"G[target_index, source_index] = directed influence from source to target"
3017,3017,row_target_and_column_source,"G[target_index, source_index] = directed influence from source to target"
3018,3018,row_target_and_column_source,"G[target_index, source_index] = directed influence from source to target"
3019,3019,row_target_and_column_source,"G[target_index, source_index] = directed influence from source to target"
3020,3020,row_target_and_column_source,"G[target_index, source_index] = directed influence from source to target"
3021,3021,row_target_and_column_source,"G[target_index, source_index] = directed influence from source to target"
3022,3022,row_target_and_column_source,"G[target_index, source_index] = directed influence from source to target"
3023,3023,row_target_and_column_source,"G[target_index, source_index] = directed influence from source to target"
3024,3024,row_target_and_column_source,"G[target_index, source_index] = directed influence from source to target"
3025,3025,row_target_and_column_source,"G[target_index, source_index] = directed influence from source to target"
3026,3026,row_target_and_column_source,"G[target_index, source_index] = directed influence from source to target"
3027,3027,row_target_and_column_source,"G[target_index, source_index] = directed influence from source to target"
3028,3028,row_target_and_column_source,"G[target_index, source_index] = directed influence from source to target"
3029,3029,row_target_and_column_source,"G[target_index, source_index] = directed influence from source to target"
3030,3030,row_target_and_column_source,"G[target_index, source_index] = directed influence from source to target"
3031,3031,row_target_and_column_source,"G[target_index, source_index] = directed influence from source to target"
3032,3032,row_target_and_column_source,"G[target_index, source_index] = directed influence from source to target"
3033,3033,row_target_and_column_source,"G[target_index, source_index] = directed influence from source to target"
3034,3034,row_target_and_column_source,"G[target_index, source_index] = directed influence from source to target"
3035,3035,row_target_and_column_source,"G[target_index, source_index] = directed influence from source to target"
3036,3036,row_target_and_column_source,"G[target_index, source_index] = directed influence from source to target"
3037,3037,row_target_and_column_source,"G[target_index, source_index] = directed influence from source to target"
3038,3038,row_target_and_column_source,"G[target_index, source_index] = directed influence from source to target"
3039,3039,row_target_and_column_source,"G[target_index, source_index] = directed influence from source to target"
3040,3040,row_target_and_column_source,"G[target_index, source_index] = directed influence from source to target"
3041,3041,row_target_and_column_source,"G[target_index, source_index] = directed influence from source to target"
3042,3042,row_target_and_column_source,"G[target_index, source_index] = directed influence from source to target"
3043,3043,row_target_and_column_source,"G[target_index, source_index] = directed influence from source to target"
3044,3044,row_target_and_column_source,"G[target_index, source_index] = directed influence from source to target"
3045,3045,row_target_and_column_source,"G[target_index, source_index] = directed influence from source to target"
3046,3046,row_target_and_column_source,"G[target_index, source_index] = directed influence from source to target"
3047,3047,row_target_and_column_source,"G[target_index, source_index] = directed influence from source to target"
3048,3048,row_target_and_column_source,"G[target_index, source_index] = directed influence from source to target"
3049,3049,row_target_and_column_source,"G[target_index, source_index] = directed influence from source to target"
3050,3050,row_target_and_column_source,"G[target_index, source_index] = directed influence from source to target"
3051,3051,row_target_and_column_source,"G[target_index, source_index] = directed influence from source to target"
3052,3052,row_target_and_column_source,"G[target_index, source_index] = directed influence from source to target"
3053,3053,row_target_and_column_source,"G[target_index, source_index] = directed influence from source to target"
3054,3054,row_target_and_column_source,"G[target_index, source_index] = directed influence from source to target"
3055,3055,row_target_and_column_source,"G[target_index, source_index] = directed influence from source to target"
3056,3056,row_target_and_column_source,"G[target_index, source_index] = directed influence from source to target"
3057,3057,row_target_and_column_source,"G[target_index, source_index] = directed influence from source to target"
3058,3058,row_target_and_column_source,"G[target_index, source_index] = directed influence from source to target"
3059,3059,row_target_and_column_source,"G[target_index, source_index] = directed influence from source to target"
3060,3060,row_target_and_column_source,"G[target_index, source_index] = directed influence from source to target"
3061,3061,row_target_and_column_source,"G[target_index, source_index] = directed influence from source to target"
3062,3062,row_target_and_column_source,"G[target_index, source_index] = directed influence from source to target"
3063,3063,row_target_and_column_source,"G[target_index, source_index] = directed influence from source to target"
3064,3064,row_target_and_column_source,"G[target_index, source_index] = directed influence from source to target"
3065,3065,row_target_and_column_source,"G[target_index, source_index] = directed influence from source to target"
3066,3066,row_target_and_column_source,"G[target_index, source_index] = directed influence from source to target"
3067,3067,row_target_and_column_source,"G[target_index, source_index] = directed influence from source to target"
3068,3068,row_target_and_column_source,"G[target_index, source_index] = directed influence from source to target"
3069,3069,row_target_and_column_source,"G[target_index, source_index] = directed influence from source to target"
3070,3070,row_target_and_column_source,"G[target_index, source_index] = directed influence from source to target"
3071,3071,row_target_and_column_source,"G[target_index, source_index] = directed influence from source to target"
3072,3072,row_target_and_column_source,"G[target_index, source_index] = directed influence from source to target"
3073,3073,row_target_and_column_source,"G[target_index, source_index] = directed influence from source to target"
3074,3074,row_target_and_column_source,"G[target_index, source_index] = directed influence from source to target"
3075,3075,row_target_and_column_source,"G[target_index, source_index] = directed influence from source to target"
3076,3076,row_target_and_column_source,"G[target_index, source_index] = directed influence from source to target"
3077,3077,row_target_and_column_source,"G[target_index, source_index] = directed influence from source to target"
3078,3078,row_target_and_column_source,"G[target_index, source_index] = directed influence from source to target"
3079,3079,row_target_and_column_source,"G[target_index, source_index] = directed influence from source to target"
3080,3080,row_target_and_column_source,"G[target_index, source_index] = directed influence from source to target"
3081,3081,row_target_and_column_source,"G[target_index, source_index] = directed influence from source to target"
3082,3082,row_target_and_column_source,"G[target_index, source_index] = directed influence from source to target"
3083,3083,row_target_and_column_source,"G[target_index, source_index] = directed influence from source to target"
3084,3084,row_target_and_column_source,"G[target_index, source_index] = directed influence from source to target"
3085,3085,row_target_and_column_source,"G[target_index, source_index] = directed influence from source to target"
3086,3086,row_target_and_column_source,"G[target_index, source_index] = directed influence from source to target"
3087,3087,row_target_and_column_source,"G[target_index, source_index] = directed influence from source to target"
3088,3088,row_target_and_column_source,"G[target_index, source_index] = directed influence from source to target"
3089,3089,row_target_and_column_source,"G[target_index, source_index] = directed influence from source to target"
3090,3090,row_target_and_column_source,"G[target_index, source_index] = directed influence from source to target"
3091,3091,row_target_and_column_source,"G[target_index, source_index] = directed influence from source to target"
3092,3092,row_target_and_column_source,"G[target_index, source_index] = directed influence from source to target"
3093,3093,row_target_and_column_source,"G[target_index, source_index] = directed influence from source to target"
3094,3094,row_target_and_column_source,"G[target_index, source_index] = directed influence from source to target"
3095,3095,row_target_and_column_source,"G[target_index, source_index] = directed influence from source to target"
3096,3096,row_target_and_column_source,"G[target_index, source_index] = directed influence from source to target"
3097,3097,row_target_and_column_source,"G[target_index, source_index] = directed influence from source to target"
3098,3098,row_target_and_column_source,"G[target_index, source_index] = directed influence from source to target"
3099,3099,row_target_and_column_source,"G[target_index, source_index] = directed influence from source to target"
3100,3100,row_target_and_column_source,"G[target_index, source_index] = directed influence from source to target"
3101,3101,row_target_and_column_source,"G[target_index, source_index] = directed influence from source to target"
3102,3102,row_target_and_column_source,"G[target_index, source_index] = directed influence from source to target"
3103,3103,row_target_and_column_source,"G[target_index, source_index] = directed influence from source to target"
3104,3104,row_target_and_column_source,"G[target_index, source_index] = directed influence from source to target"
3105,3105,row_target_and_column_source,"G[target_index, source_index] = directed influence from source to target"
3106,3106,row_target_and_column_source,"G[target_index, source_index] = directed influence from source to target"
3107,3107,row_target_and_column_source,"G[target_index, source_index] = directed influence from source to target"
3108,3108,row_target_and_column_source,"G[target_index, source_index] = directed influence from source to target"
3109,3109,row_target_and_column_source,"G[target_index, source_index] = directed influence from source to target"
3110,3110,row_target_and_column_source,"G[target_index, source_index] = directed influence from source to target"
3111,3111,row_target_and_column_source,"G[target_index, source_index] = directed influence from source to target"
3112,3112,row_target_and_column_source,"G[target_index, source_index] = directed influence from source to target"
3113,3113,row_target_and_column_source,"G[target_index, source_index] = directed influence from source to target"
3114,3114,row_target_and_column_source,"G[target_index, source_index] = directed influence from source to target"
3115,3115,row_target_and_column_source,"G[target_index, source_index] = directed influence from source to target"
3116,3116,row_target_and_column_source,"G[target_index, source_index] = directed influence from source to target"
3117,3117,row_target_and_column_source,"G[target_index, source_index] = directed influence from source to target"
3118,3118,row_target_and_column_source,"G[target_index, source_index] = directed influence from source to target"
3119,3119,row_target_and_column_source,"G[target_index, source_index] = directed influence from source to target"
3120,3120,row_target_and_column_source,"G[target_index, source_index] = directed influence from source to target"
3121,3121,row_target_and_column_source,"G[target_index, source_index] = directed influence from source to target"
3122,3122,row_target_and_column_source,"G[target_index, source_index] = directed influence from source to target"
3123,3123,row_target_and_column_source,"G[target_index, source_index] = directed influence from source to target"
3124,3124,row_target_and_column_source,"G[target_index, source_index] = directed influence from source to target"
3125,3125,row_target_and_column_source,"G[target_index, source_index] = directed influence from source to target"
3126,3126,row_target_and_column_source,"G[target_index, source_index] = directed influence from source to target"
3127,3127,row_target_and_column_source,"G[target_index, source_index] = directed influence from source to target"
3128,3128,row_target_and_column_source,"G[target_index, source_index] = directed influence from source to target"
3129,3129,row_target_and_column_source,"G[target_index, source_index] = directed influence from source to target"
3130,3130,row_target_and_column_source,"G[target_index, source_index] = directed influence from source to target"
3131,3131,row_target_and_column_source,"G[target_index, source_index] = directed influence from source to target"
3132,3132,row_target_and_column_source,"G[target_index, source_index] = directed influence from source to target"
3133,3133,row_target_and_column_source,"G[target_index, source_index] = directed influence from source to target"
3134,3134,row_target_and_column_source,"G[target_index, source_index] = directed influence from source to target"
3135,3135,row_target_and_column_source,"G[target_index, source_index] = directed influence from source to target"
3136,3136,row_target_and_column_source,"G[target_index, source_index] = directed influence from source to target"
3137,3137,row_target_and_column_source,"G[target_index, source_index] = directed influence from source to target"
3138,3138,row_target_and_column_source,"G[target_index, source_index] = directed influence from source to target"
3139,3139,row_target_and_column_source,"G[target_index, source_index] = directed influence from source to target"
3140,3140,row_target_and_column_source,"G[target_index, source_index] = directed influence from source to target"
3141,3141,row_target_and_column_source,"G[target_index, source_index] = directed influence from source to target"
3142,3142,row_target_and_column_source,"G[target_index, source_index] = directed influence from source to target"
3143,3143,row_target_and_column_source,"G[target_index, source_index] = directed influence from source to target"
3144,3144,row_target_and_column_source,"G[target_index, source_index] = directed influence from source to target"
3145,3145,row_target_and_column_source,"G[target_index, source_index] = directed influence from source to target"
3146,3146,row_target_and_column_source,"G[target_index, source_index] = directed influence from source to target"
3147,3147,row_target_and_column_source,"G[target_index, source_index] = directed influence from source to target"
3148,3148,row_target_and_column_source,"G[target_index, source_index] = directed influence from source to target"
3149,3149,row_target_and_column_source,"G[target_index, source_index] = directed influence from source to target"
3150,3150,row_target_and_column_source,"G[target_index, source_index] = directed influence from source to target"
3151,3151,row_target_and_column_source,"G[target_index, source_index] = directed influence from source to target"
3152,3152,row_target_and_column_source,"G[target_index, source_index] = directed influence from source to target"
3153,3153,row_target_and_column_source,"G[target_index, source_index] = directed influence from source to target"
3154,3154,row_target_and_column_source,"G[target_index, source_index] = directed influence from source to target"
3155,3155,row_target_and_column_source,"G[target_index, source_index] = directed influence from source to target"
3156,3156,row_target_and_column_source,"G[target_index, source_index] = directed influence from source to target"
3157,3157,row_target_and_column_source,"G[target_index, source_index] = directed influence from source to target"
3158,3158,row_target_and_column_source,"G[target_index, source_index] = directed influence from source to target"
3159,3159,row_target_and_column_source,"G[target_index, source_index] = directed influence from source to target"
3160,3160,row_target_and_column_source,"G[target_index, source_index] = directed influence from source to target"
3161,3161,row_target_and_column_source,"G[target_index, source_index] = directed influence from source to target"
3162,3162,row_target_and_column_source,"G[target_index, source_index] = directed influence from source to target"
3163,3163,row_target_and_column_source,"G[target_index, source_index] = directed influence from source to target"
3164,3164,row_target_and_column_source,"G[target_index, source_index] = directed influence from source to target"
3165,3165,row_target_and_column_source,"G[target_index, source_index] = directed influence from source to target"
3166,3166,row_target_and_column_source,"G[target_index, source_index] = directed influence from source to target"
3167,3167,row_target_and_column_source,"G[target_index, source_index] = directed influence from source to target"
3168,3168,row_target_and_column_source,"G[target_index, source_index] = directed influence from source to target"
3169,3169,row_target_and_column_source,"G[target_index, source_index] = directed influence from source to target"
3170,3170,row_target_and_column_source,"G[target_index, source_index] = directed influence from source to target"
3171,3171,row_target_and_column_source,"G[target_index, source_index] = directed influence from source to target"
3172,3172,row_target_and_column_source,"G[target_index, source_index] = directed influence from source to target"
3173,3173,row_target_and_column_source,"G[target_index, source_index] = directed influence from source to target"
3174,3174,row_target_and_column_source,"G[target_index, source_index] = directed influence from source to target"
3175,3175,row_target_and_column_source,"G[target_index, source_index] = directed influence from source to target"
3176,3176,row_target_and_column_source,"G[target_index, source_index] = directed influence from source to target"
3177,3177,row_target_and_column_source,"G[target_index, source_index] = directed influence from source to target"
3178,3178,row_target_and_column_source,"G[target_index, source_index] = directed influence from source to target"
3179,3179,row_target_and_column_source,"G[target_index, source_index] = directed influence from source to target"
3180,3180,row_target_and_column_source,"G[target_index, source_index] = directed influence from source to target"
3181,3181,row_target_and_column_source,"G[target_index, source_index] = directed influence from source to target"
3182,3182,row_target_and_column_source,"G[target_index, source_index] = directed influence from source to target"
3183,3183,row_target_and_column_source,"G[target_index, source_index] = directed influence from source to target"
3184,3184,row_target_and_column_source,"G[target_index, source_index] = directed influence from source to target"
3185,3185,row_target_and_column_source,"G[target_index, source_index] = directed influence from source to target"
3186,3186,row_target_and_column_source,"G[target_index, source_index] = directed influence from source to target"
3187,3187,row_target_and_column_source,"G[target_index, source_index] = directed influence from source to target"
3188,3188,row_target_and_column_source,"G[target_index, source_index] = directed influence from source to target"
3189,3189,row_target_and_column_source,"G[target_index, source_index] = directed influence from source to target"
3190,3190,row_target_and_column_source,"G[target_index, source_index] = directed influence from source to target"
3191,3191,row_target_and_column_source,"G[target_index, source_index] = directed influence from source to target"
3192,3192,row_target_and_column_source,"G[target_index, source_index] = directed influence from source to target"
3193,3193,row_target_and_column_source,"G[target_index, source_index] = directed influence from source to target"
3194,3194,row_target_and_column_source,"G[target_index, source_index] = directed influence from source to target"
3195,3195,row_target_and_column_source,"G[target_index, source_index] = directed influence from source to target"
3196,3196,row_target_and_column_source,"G[target_index, source_index] = directed influence from source to target"
3197,3197,row_target_and_column_source,"G[target_index, source_index] = directed influence from source to target"
3198,3198,row_target_and_column_source,"G[target_index, source_index] = directed influence from source to target"
3199,3199,row_target_and_column_source,"G[target_index, source_index] = directed influence from source to target"
3200,3200,row_target_and_column_source,"G[target_index, source_index] = directed influence from source to target"
3201,3201,row_target_and_column_source,"G[target_index, source_index] = directed influence from source to target"
3202,3202,row_target_and_column_source,"G[target_index, source_index] = directed influence from source to target"
3203,3203,row_target_and_column_source,"G[target_index, source_index] = directed influence from source to target"
3204,3204,row_target_and_column_source,"G[target_index, source_index] = directed influence from source to target"
3205,3205,row_target_and_column_source,"G[target_index, source_index] = directed influence from source to target"
3206,3206,row_target_and_column_source,"G[target_index, source_index] = directed influence from source to target"
3207,3207,row_target_and_column_source,"G[target_index, source_index] = directed influence from source to target"
3208,3208,row_target_and_column_source,"G[target_index, source_index] = directed influence from source to target"
3209,3209,row_target_and_column_source,"G[target_index, source_index] = directed influence from source to target"
3210,3210,row_target_and_column_source,"G[target_index, source_index] = directed influence from source to target"
3211,3211,row_target_and_column_source,"G[target_index, source_index] = directed influence from source to target"
3212,3212,row_target_and_column_source,"G[target_index, source_index] = directed influence from source to target"
3213,3213,row_target_and_column_source,"G[target_index, source_index] = directed influence from source to target"
3214,3214,row_target_and_column_source,"G[target_index, source_index] = directed influence from source to target"
3215,3215,row_target_and_column_source,"G[target_index, source_index] = directed influence from source to target"
3216,3216,row_target_and_column_source,"G[target_index, source_index] = directed influence from source to target"
3217,3217,row_target_and_column_source,"G[target_index, source_index] = directed influence from source to target"
3218,3218,row_target_and_column_source,"G[target_index, source_index] = directed influence from source to target"
3219,3219,row_target_and_column_source,"G[target_index, source_index] = directed influence from source to target"
3220,3220,row_target_and_column_source,"G[target_index, source_index] = directed influence from source to target"
3221,3221,row_target_and_column_source,"G[target_index, source_index] = directed influence from source to target"
3222,3222,row_target_and_column_source,"G[target_index, source_index] = directed influence from source to target"
3223,3223,row_target_and_column_source,"G[target_index, source_index] = directed influence from source to target"
3224,3224,row_target_and_column_source,"G[target_index, source_index] = directed influence from source to target"
3225,3225,row_target_and_column_source,"G[target_index, source_index] = directed influence from source to target"
3226,3226,row_target_and_column_source,"G[target_index, source_index] = directed influence from source to target"
3227,3227,row_target_and_column_source,"G[target_index, source_index] = directed influence from source to target"
3228,3228,row_target_and_column_source,"G[target_index, source_index] = directed influence from source to target"
3229,3229,row_target_and_column_source,"G[target_index, source_index] = directed influence from source to target"
3230,3230,row_target_and_column_source,"G[target_index, source_index] = directed influence from source to target"
3231,3231,row_target_and_column_source,"G[target_index, source_index] = directed influence from source to target"
3232,3232,row_target_and_column_source,"G[target_index, source_index] = directed influence from source to target"
3233,3233,row_target_and_column_source,"G[target_index, source_index] = directed influence from source to target"
3234,3234,row_target_and_column_source,"G[target_index, source_index] = directed influence from source to target"
3235,3235,row_target_and_column_source,"G[target_index, source_index] = directed influence from source to target"
3236,3236,row_target_and_column_source,"G[target_index, source_index] = directed influence from source to target"
3237,3237,row_target_and_column_source,"G[target_index, source_index] = directed influence from source to target"
3238,3238,row_target_and_column_source,"G[target_index, source_index] = directed influence from source to target"
3239,3239,row_target_and_column_source,"G[target_index, source_index] = directed influence from source to target"
3240,3240,row_target_and_column_source,"G[target_index, source_index] = directed influence from source to target"
3241,3241,row_target_and_column_source,"G[target_index, source_index] = directed influence from source to target"
3242,3242,row_target_and_column_source,"G[target_index, source_index] = directed influence from source to target"
3243,3243,row_target_and_column_source,"G[target_index, source_index] = directed influence from source to target"
3244,3244,row_target_and_column_source,"G[target_index, source_index] = directed influence from source to target"
3245,3245,row_target_and_column_source,"G[target_index, source_index] = directed influence from source to target"
3246,3246,row_target_and_column_source,"G[target_index, source_index] = directed influence from source to target"
3247,3247,row_target_and_column_source,"G[target_index, source_index] = directed influence from source to target"
3248,3248,row_target_and_column_source,"G[target_index, source_index] = directed influence from source to target"
3249,3249,row_target_and_column_source,"G[target_index, source_index] = directed influence from source to target"
3250,3250,row_target_and_column_source,"G[target_index, source_index] = directed influence from source to target"
3251,3251,row_target_and_column_source,"G[target_index, source_index] = directed influence from source to target"
3252,3252,row_target_and_column_source,"G[target_index, source_index] = directed influence from source to target"
3253,3253,row_target_and_column_source,"G[target_index, source_index] = directed influence from source to target"
3254,3254,row_target_and_column_source,"G[target_index, source_index] = directed influence from source to target"
3255,3255,row_target_and_column_source,"G[target_index, source_index] = directed influence from source to target"
3256,3256,row_target_and_column_source,"G[target_index, source_index] = directed influence from source to target"
3257,3257,row_target_and_column_source,"G[target_index, source_index] = directed influence from source to target"
3258,3258,row_target_and_column_source,"G[target_index, source_index] = directed influence from source to target"
3259,3259,row_target_and_column_source,"G[target_index, source_index] = directed influence from source to target"
3260,3260,row_target_and_column_source,"G[target_index, source_index] = directed influence from source to target"
3261,3261,row_target_and_column_source,"G[target_index, source_index] = directed influence from source to target"
3262,3262,row_target_and_column_source,"G[target_index, source_index] = directed influence from source to target"
3263,3263,row_target_and_column_source,"G[target_index, source_index] = directed influence from source to target"
3264,3264,row_target_and_column_source,"G[target_index, source_index] = directed influence from source to target"
3265,3265,row_target_and_column_source,"G[target_index, source_index] = directed influence from source to target"
3266,3266,row_target_and_column_source,"G[target_index, source_index] = directed influence from source to target"
3267,3267,row_target_and_column_source,"G[target_index, source_index] = directed influence from source to target"
3268,3268,row_target_and_column_source,"G[target_index, source_index] = directed influence from source to target"
3269,3269,row_target_and_column_source,"G[target_index, source_index] = directed influence from source to target"
3270,3270,row_target_and_column_source,"G[target_index, source_index] = directed influence from source to target"
3271,3271,row_target_and_column_source,"G[target_index, source_index] = directed influence from source to target"
3272,3272,row_target_and_column_source,"G[target_index, source_index] = directed influence from source to target"
3273,3273,row_target_and_column_source,"G[target_index, source_index] = directed influence from source to target"
3274,3274,row_target_and_column_source,"G[target_index, source_index] = directed influence from source to target"
3275,3275,row_target_and_column_source,"G[target_index, source_index] = directed influence from source to target"
3276,3276,row_target_and_column_source,"G[target_index, source_index] = directed influence from source to target"
3277,3277,row_target_and_column_source,"G[target_index, source_index] = directed influence from source to target"
3278,3278,row_target_and_column_source,"G[target_index, source_index] = directed influence from source to target"
3279,3279,row_target_and_column_source,"G[target_index, source_index] = directed influence from source to target"
3280,3280,row_target_and_column_source,"G[target_index, source_index] = directed influence from source to target"
3281,3281,row_target_and_column_source,"G[target_index, source_index] = directed influence from source to target"
3282,3282,row_target_and_column_source,"G[target_index, source_index] = directed influence from source to target"
3283,3283,row_target_and_column_source,"G[target_index, source_index] = directed influence from source to target"
3284,3284,row_target_and_column_source,"G[target_index, source_index] = directed influence from source to target"
3285,3285,row_target_and_column_source,"G[target_index, source_index] = directed influence from source to target"
3286,3286,row_target_and_column_source,"G[target_index, source_index] = directed influence from source to target"
3287,3287,row_target_and_column_source,"G[target_index, source_index] = directed influence from source to target"
3288,3288,row_target_and_column_source,"G[target_index, source_index] = directed influence from source to target"
3289,3289,row_target_and_column_source,"G[target_index, source_index] = directed influence from source to target"
3290,3290,row_target_and_column_source,"G[target_index, source_index] = directed influence from source to target"
3291,3291,row_target_and_column_source,"G[target_index, source_index] = directed influence from source to target"
3292,3292,row_target_and_column_source,"G[target_index, source_index] = directed influence from source to target"
3293,3293,row_target_and_column_source,"G[target_index, source_index] = directed influence from source to target"
3294,3294,row_target_and_column_source,"G[target_index, source_index] = directed influence from source to target"
3295,3295,row_target_and_column_source,"G[target_index, source_index] = directed influence from source to target"
3296,3296,row_target_and_column_source,"G[target_index, source_index] = directed influence from source to target"
3297,3297,row_target_and_column_source,"G[target_index, source_index] = directed influence from source to target"
3298,3298,row_target_and_column_source,"G[target_index, source_index] = directed influence from source to target"
3299,3299,row_target_and_column_source,"G[target_index, source_index] = directed influence from source to target"
3300,3300,row_target_and_column_source,"G[target_index, source_index] = directed influence from source to target"
3301,3301,row_target_and_column_source,"G[target_index, source_index] = directed influence from source to target"
3302,3302,row_target_and_column_source,"G[target_index, source_index] = directed influence from source to target"
3303,3303,row_target_and_column_source,"G[target_index, source_index] = directed influence from source to target"
3304,3304,row_target_and_column_source,"G[target_index, source_index] = directed influence from source to target"
3305,3305,row_target_and_column_source,"G[target_index, source_index] = directed influence from source to target"
3306,3306,row_target_and_column_source,"G[target_index, source_index] = directed influence from source to target"
3307,3307,row_target_and_column_source,"G[target_index, source_index] = directed influence from source to target"
3308,3308,row_target_and_column_source,"G[target_index, source_index] = directed influence from source to target"
3309,3309,row_target_and_column_source,"G[target_index, source_index] = directed influence from source to target"
3310,3310,row_target_and_column_source,"G[target_index, source_index] = directed influence from source to target"
3311,3311,row_target_and_column_source,"G[target_index, source_index] = directed influence from source to target"
3312,3312,row_target_and_column_source,"G[target_index, source_index] = directed influence from source to target"
3313,3313,row_target_and_column_source,"G[target_index, source_index] = directed influence from source to target"
3314,3314,row_target_and_column_source,"G[target_index, source_index] = directed influence from source to target"
3315,3315,row_target_and_column_source,"G[target_index, source_index] = directed influence from source to target"
3316,3316,row_target_and_column_source,"G[target_index, source_index] = directed influence from source to target"
3317,3317,row_target_and_column_source,"G[target_index, source_index] = directed influence from source to target"
3318,3318,row_target_and_column_source,"G[target_index, source_index] = directed influence from source to target"
3319,3319,row_target_and_column_source,"G[target_index, source_index] = directed influence from source to target"
3320,3320,row_target_and_column_source,"G[target_index, source_index] = directed influence from source to target"
3321,3321,row_target_and_column_source,"G[target_index, source_index] = directed influence from source to target"
3322,3322,row_target_and_column_source,"G[target_index, source_index] = directed influence from source to target"
3323,3323,row_target_and_column_source,"G[target_index, source_index] = directed influence from source to target"
3324,3324,row_target_and_column_source,"G[target_index, source_index] = directed influence from source to target"
3325,3325,row_target_and_column_source,"G[target_index, source_index] = directed influence from source to target"
3326,3326,row_target_and_column_source,"G[target_index, source_index] = directed influence from source to target"
3327,3327,row_target_and_column_source,"G[target_index, source_index] = directed influence from source to target"
3328,3328,row_target_and_column_source,"G[target_index, source_index] = directed influence from source to target"
3329,3329,row_target_and_column_source,"G[target_index, source_index] = directed influence from source to target"
3330,3330,row_target_and_column_source,"G[target_index, source_index] = directed influence from source to target"
3331,3331,row_target_and_column_source,"G[target_index, source_index] = directed influence from source to target"
3332,3332,row_target_and_column_source,"G[target_index, source_index] = directed influence from source to target"
3333,3333,row_target_and_column_source,"G[target_index, source_index] = directed influence from source to target"
3334,3334,row_target_and_column_source,"G[target_index, source_index] = directed influence from source to target"
3335,3335,row_target_and_column_source,"G[target_index, source_index] = directed influence from source to target"
3336,3336,row_target_and_column_source,"G[target_index, source_index] = directed influence from source to target"
3337,3337,row_target_and_column_source,"G[target_index, source_index] = directed influence from source to target"
3338,3338,row_target_and_column_source,"G[target_index, source_index] = directed influence from source to target"
3339,3339,row_target_and_column_source,"G[target_index, source_index] = directed influence from source to target"
3340,3340,row_target_and_column_source,"G[target_index, source_index] = directed influence from source to target"
3341,3341,row_target_and_column_source,"G[target_index, source_index] = directed influence from source to target"
3342,3342,row_target_and_column_source,"G[target_index, source_index] = directed influence from source to target"
3343,3343,row_target_and_column_source,"G[target_index, source_index] = directed influence from source to target"
3344,3344,row_target_and_column_source,"G[target_index, source_index] = directed influence from source to target"
3345,3345,row_target_and_column_source,"G[target_index, source_index] = directed influence from source to target"
3346,3346,row_target_and_column_source,"G[target_index, source_index] = directed influence from source to target"
3347,3347,row_target_and_column_source,"G[target_index, source_index] = directed influence from source to target"
3348,3348,row_target_and_column_source,"G[target_index, source_index] = directed influence from source to target"
3349,3349,row_target_and_column_source,"G[target_index, source_index] = directed influence from source to target"
3350,3350,row_target_and_column_source,"G[target_index, source_index] = directed influence from source to target"
3351,3351,row_target_and_column_source,"G[target_index, source_index] = directed influence from source to target"
3352,3352,row_target_and_column_source,"G[target_index, source_index] = directed influence from source to target"
3353,3353,row_target_and_column_source,"G[target_index, source_index] = directed influence from source to target"
3354,3354,row_target_and_column_source,"G[target_index, source_index] = directed influence from source to target"
3355,3355,row_target_and_column_source,"G[target_index, source_index] = directed influence from source to target"
3356,3356,row_target_and_column_source,"G[target_index, source_index] = directed influence from source to target"
3357,3357,row_target_and_column_source,"G[target_index, source_index] = directed influence from source to target"
3358,3358,row_target_and_column_source,"G[target_index, source_index] = directed influence from source to target"
3359,3359,row_target_and_column_source,"G[target_index, source_index] = directed influence from source to target"
3360,3360,row_target_and_column_source,"G[target_index, source_index] = directed influence from source to target"
3361,3361,row_target_and_column_source,"G[target_index, source_index] = directed influence from source to target"
3362,3362,row_target_and_column_source,"G[target_index, source_index] = directed influence from source to target"
3363,3363,row_target_and_column_source,"G[target_index, source_index] = directed influence from source to target"
3364,3364,row_target_and_column_source,"G[target_index, source_index] = directed influence from source to target"
3365,3365,row_target_and_column_source,"G[target_index, source_index] = directed influence from source to target"
3366,3366,row_target_and_column_source,"G[target_index, source_index] = directed influence from source to target"
3367,3367,row_target_and_column_source,"G[target_index, source_index] = directed influence from source to target"
3368,3368,row_target_and_column_source,"G[target_index, source_index] = directed influence from source to target"
3369,3369,row_target_and_column_source,"G[target_index, source_index] = directed influence from source to target"
3370,3370,row_target_and_column_source,"G[target_index, source_index] = directed influence from source to target"
3371,3371,row_target_and_column_source,"G[target_index, source_index] = directed influence from source to target"
3372,3372,row_target_and_column_source,"G[target_index, source_index] = directed influence from source to target"
3373,3373,row_target_and_column_source,"G[target_index, source_index] = directed influence from source to target"
3374,3374,row_target_and_column_source,"G[target_index, source_index] = directed influence from source to target"
3375,3375,row_target_and_column_source,"G[target_index, source_index] = directed influence from source to target"
3376,3376,row_target_and_column_source,"G[target_index, source_index] = directed influence from source to target"
3377,3377,row_target_and_column_source,"G[target_index, source_index] = directed influence from source to target"
3378,3378,row_target_and_column_source,"G[target_index, source_index] = directed influence from source to target"
3379,3379,row_target_and_column_source,"G[target_index, source_index] = directed influence from source to target"
3380,3380,row_target_and_column_source,"G[target_index, source_index] = directed influence from source to target"
3381,3381,row_target_and_column_source,"G[target_index, source_index] = directed influence from source to target"
3382,3382,row_target_and_column_source,"G[target_index, source_index] = directed influence from source to target"
3383,3383,row_target_and_column_source,"G[target_index, source_index] = directed influence from source to target"
3384,3384,row_target_and_column_source,"G[target_index, source_index] = directed influence from source to target"
3385,3385,row_target_and_column_source,"G[target_index, source_index] = directed influence from source to target"
3386,3386,row_target_and_column_source,"G[target_index, source_index] = directed influence from source to target"
3387,3387,row_target_and_column_source,"G[target_index, source_index] = directed influence from source to target"
3388,3388,row_target_and_column_source,"G[target_index, source_index] = directed influence from source to target"
3389,3389,row_target_and_column_source,"G[target_index, source_index] = directed influence from source to target"
3390,3390,row_target_and_column_source,"G[target_index, source_index] = directed influence from source to target"
3391,3391,row_target_and_column_source,"G[target_index, source_index] = directed influence from source to target"
3392,3392,row_target_and_column_source,"G[target_index, source_index] = directed influence from source to target"
3393,3393,row_target_and_column_source,"G[target_index, source_index] = directed influence from source to target"
3394,3394,row_target_and_column_source,"G[target_index, source_index] = directed influence from source to target"
3395,3395,row_target_and_column_source,"G[target_index, source_index] = directed influence from source to target"
3396,3396,row_target_and_column_source,"G[target_index, source_index] = directed influence from source to target"
3397,3397,row_target_and_column_source,"G[target_index, source_index] = directed influence from source to target"
3398,3398,row_target_and_column_source,"G[target_index, source_index] = directed influence from source to target"
3399,3399,row_target_and_column_source,"G[target_index, source_index] = directed influence from source to target"
3400,3400,row_target_and_column_source,"G[target_index, source_index] = directed influence from source to target"
3401,3401,row_target_and_column_source,"G[target_index, source_index] = directed influence from source to target"
3402,3402,row_target_and_column_source,"G[target_index, source_index] = directed influence from source to target"
3403,3403,row_target_and_column_source,"G[target_index, source_index] = directed influence from source to target"
3404,3404,row_target_and_column_source,"G[target_index, source_index] = directed influence from source to target"
3405,3405,row_target_and_column_source,"G[target_index, source_index] = directed influence from source to target"
3406,3406,row_target_and_column_source,"G[target_index, source_index] = directed influence from source to target"
3407,3407,row_target_and_column_source,"G[target_index, source_index] = directed influence from source to target"
3408,3408,row_target_and_column_source,"G[target_index, source_index] = directed influence from source to target"
3409,3409,row_target_and_column_source,"G[target_index, source_index] = directed influence from source to target"
3410,3410,row_target_and_column_source,"G[target_index, source_index] = directed influence from source to target"
3411,3411,row_target_and_column_source,"G[target_index, source_index] = directed influence from source to target"
3412,3412,row_target_and_column_source,"G[target_index, source_index] = directed influence from source to target"
3413,3413,row_target_and_column_source,"G[target_index, source_index] = directed influence from source to target"
3414,3414,row_target_and_column_source,"G[target_index, source_index] = directed influence from source to target"
3415,3415,row_target_and_column_source,"G[target_index, source_index] = directed influence from source to target"
3416,3416,row_target_and_column_source,"G[target_index, source_index] = directed influence from source to target"
3417,3417,row_target_and_column_source,"G[target_index, source_index] = directed influence from source to target"
3418,3418,row_target_and_column_source,"G[target_index, source_index] = directed influence from source to target"
3419,3419,row_target_and_column_source,"G[target_index, source_index] = directed influence from source to target"
3420,3420,row_target_and_column_source,"G[target_index, source_index] = directed influence from source to target"
3421,3421,row_target_and_column_source,"G[target_index, source_index] = directed influence from source to target"
3422,3422,row_target_and_column_source,"G[target_index, source_index] = directed influence from source to target"
3423,3423,row_target_and_column_source,"G[target_index, source_index] = directed influence from source to target"
3424,3424,row_target_and_column_source,"G[target_index, source_index] = directed influence from source to target"
3425,3425,row_target_and_column_source,"G[target_index, source_index] = directed influence from source to target"
3426,3426,row_target_and_column_source,"G[target_index, source_index] = directed influence from source to target"
3427,3427,row_target_and_column_source,"G[target_index, source_index] = directed influence from source to target"
3428,3428,row_target_and_column_source,"G[target_index, source_index] = directed influence from source to target"
3429,3429,row_target_and_column_source,"G[target_index, source_index] = directed influence from source to target"
3430,3430,row_target_and_column_source,"G[target_index, source_index] = directed influence from source to target"
3431,3431,row_target_and_column_source,"G[target_index, source_index] = directed influence from source to target"
3432,3432,row_target_and_column_source,"G[target_index, source_index] = directed influence from source to target"
3433,3433,row_target_and_column_source,"G[target_index, source_index] = directed influence from source to target"
3434,3434,row_target_and_column_source,"G[target_index, source_index] = directed influence from source to target"
3435,3435,row_target_and_column_source,"G[target_index, source_index] = directed influence from source to target"
3436,3436,row_target_and_column_source,"G[target_index, source_index] = directed influence from source to target"
3437,3437,row_target_and_column_source,"G[target_index, source_index] = directed influence from source to target"
3438,3438,row_target_and_column_source,"G[target_index, source_index] = directed influence from source to target"
3439,3439,row_target_and_column_source,"G[target_index, source_index] = directed influence from source to target"
3440,3440,row_target_and_column_source,"G[target_index, source_index] = directed influence from source to target"
3441,3441,row_target_and_column_source,"G[target_index, source_index] = directed influence from source to target"
3442,3442,row_target_and_column_source,"G[target_index, source_index] = directed influence from source to target"
3443,3443,row_target_and_column_source,"G[target_index, source_index] = directed influence from source to target"
3444,3444,row_target_and_column_source,"G[target_index, source_index] = directed influence from source to target"
3445,3445,row_target_and_column_source,"G[target_index, source_index] = directed influence from source to target"
3446,3446,row_target_and_column_source,"G[target_index, source_index] = directed influence from source to target"
3447,3447,row_target_and_column_source,"G[target_index, source_index] = directed influence from source to target"
3448,3448,row_target_and_column_source,"G[target_index, source_index] = directed influence from source to target"
3449,3449,row_target_and_column_source,"G[target_index, source_index] = directed influence from source to target"
3450,3450,row_target_and_column_source,"G[target_index, source_index] = directed influence from source to target"
3451,3451,row_target_and_column_source,"G[target_index, source_index] = directed influence from source to target"
3452,3452,row_target_and_column_source,"G[target_index, source_index] = directed influence from source to target"
3453,3453,row_target_and_column_source,"G[target_index, source_index] = directed influence from source to target"
3454,3454,row_target_and_column_source,"G[target_index, source_index] = directed influence from source to target"
3455,3455,row_target_and_column_source,"G[target_index, source_index] = directed influence from source to target"
3456,3456,row_target_and_column_source,"G[target_index, source_index] = directed influence from source to target"
3457,3457,row_target_and_column_source,"G[target_index, source_index] = directed influence from source to target"
3458,3458,row_target_and_column_source,"G[target_index, source_index] = directed influence from source to target"
3459,3459,row_target_and_column_source,"G[target_index, source_index] = directed influence from source to target"
3460,3460,row_target_and_column_source,"G[target_index, source_index] = directed influence from source to target"
3461,3461,row_target_and_column_source,"G[target_index, source_index] = directed influence from source to target"
3462,3462,row_target_and_column_source,"G[target_index, source_index] = directed influence from source to target"
3463,3463,row_target_and_column_source,"G[target_index, source_index] = directed influence from source to target"
3464,3464,row_target_and_column_source,"G[target_index, source_index] = directed influence from source to target"
3465,3465,row_target_and_column_source,"G[target_index, source_index] = directed influence from source to target"
3466,3466,row_target_and_column_source,"G[target_index, source_index] = directed influence from source to target"
3467,3467,row_target_and_column_source,"G[target_index, source_index] = directed influence from source to target"
3468,3468,row_target_and_column_source,"G[target_index, source_index] = directed influence from source to target"
3469,3469,row_target_and_column_source,"G[target_index, source_index] = directed influence from source to target"
3470,3470,row_target_and_column_source,"G[target_index, source_index] = directed influence from source to target"
3471,3471,row_target_and_column_source,"G[target_index, source_index] = directed influence from source to target"
3472,3472,row_target_and_column_source,"G[target_index, source_index] = directed influence from source to target"
3473,3473,row_target_and_column_source,"G[target_index, source_index] = directed influence from source to target"
3474,3474,row_target_and_column_source,"G[target_index, source_index] = directed influence from source to target"
3475,3475,row_target_and_column_source,"G[target_index, source_index] = directed influence from source to target"
3476,3476,row_target_and_column_source,"G[target_index, source_index] = directed influence from source to target"
3477,3477,row_target_and_column_source,"G[target_index, source_index] = directed influence from source to target"
3478,3478,row_target_and_column_source,"G[target_index, source_index] = directed influence from source to target"
3479,3479,row_target_and_column_source,"G[target_index, source_index] = directed influence from source to target"
3480,3480,row_target_and_column_source,"G[target_index, source_index] = directed influence from source to target"
3481,3481,row_target_and_column_source,"G[target_index, source_index] = directed influence from source to target"
3482,3482,row_target_and_column_source,"G[target_index, source_index] = directed influence from source to target"
3483,3483,row_target_and_column_source,"G[target_index, source_index] = directed influence from source to target"
3484,3484,row_target_and_column_source,"G[target_index, source_index] = directed influence from source to target"
3485,3485,row_target_and_column_source,"G[target_index, source_index] = directed influence from source to target"
3486,3486,row_target_and_column_source,"G[target_index, source_index] = directed influence from source to target"
3487,3487,row_target_and_column_source,"G[target_index, source_index] = directed influence from source to target"
3488,3488,row_target_and_column_source,"G[target_index, source_index] = directed influence from source to target"
3489,3489,row_target_and_column_source,"G[target_index, source_index] = directed influence from source to target"
3490,3490,row_target_and_column_source,"G[target_index, source_index] = directed influence from source to target"
3491,3491,row_target_and_column_source,"G[target_index, source_index] = directed influence from source to target"
3492,3492,row_target_and_column_source,"G[target_index, source_index] = directed influence from source to target"
3493,3493,row_target_and_column_source,"G[target_index, source_index] = directed influence from source to target"
3494,3494,row_target_and_column_source,"G[target_index, source_index] = directed influence from source to target"
3495,3495,row_target_and_column_source,"G[target_index, source_index] = directed influence from source to target"
3496,3496,row_target_and_column_source,"G[target_index, source_index] = directed influence from source to target"
3497,3497,row_target_and_column_source,"G[target_index, source_index] = directed influence from source to target"
3498,3498,row_target_and_column_source,"G[target_index, source_index] = directed influence from source to target"
3499,3499,row_target_and_column_source,"G[target_index, source_index] = directed influence from source to target"
3500,3500,row_target_and_column_source,"G[target_index, source_index] = directed influence from source to target"
3501,3501,row_target_and_column_source,"G[target_index, source_index] = directed influence from source to target"
3502,3502,row_target_and_column_source,"G[target_index, source_index] = directed influence from source to target"
3503,3503,row_target_and_column_source,"G[target_index, source_index] = directed influence from source to target"
3504,3504,row_target_and_column_source,"G[target_index, source_index] = directed influence from source to target"
3505,3505,row_target_and_column_source,"G[target_index, source_index] = directed influence from source to target"
3506,3506,row_target_and_column_source,"G[target_index, source_index] = directed influence from source to target"
3507,3507,row_target_and_column_source,"G[target_index, source_index] = directed influence from source to target"
3508,3508,row_target_and_column_source,"G[target_index, source_index] = directed influence from source to target"
3509,3509,row_target_and_column_source,"G[target_index, source_index] = directed influence from source to target"
3510,3510,row_target_and_column_source,"G[target_index, source_index] = directed influence from source to target"
3511,3511,row_target_and_column_source,"G[target_index, source_index] = directed influence from source to target"
3512,3512,row_target_and_column_source,"G[target_index, source_index] = directed influence from source to target"
3513,3513,row_target_and_column_source,"G[target_index, source_index] = directed influence from source to target"
3514,3514,row_target_and_column_source,"G[target_index, source_index] = directed influence from source to target"
3515,3515,row_target_and_column_source,"G[target_index, source_index] = directed influence from source to target"
3516,3516,row_target_and_column_source,"G[target_index, source_index] = directed influence from source to target"
3517,3517,row_target_and_column_source,"G[target_index, source_index] = directed influence from source to target"
3518,3518,row_target_and_column_source,"G[target_index, source_index] = directed influence from source to target"
3519,3519,row_target_and_column_source,"G[target_index, source_index] = directed influence from source to target"
3520,3520,row_target_and_column_source,"G[target_index, source_index] = directed influence from source to target"
3521,3521,row_target_and_column_source,"G[target_index, source_index] = directed influence from source to target"
3522,3522,row_target_and_column_source,"G[target_index, source_index] = directed influence from source to target"
3523,3523,row_target_and_column_source,"G[target_index, source_index] = directed influence from source to target"
3524,3524,row_target_and_column_source,"G[target_index, source_index] = directed influence from source to target"
3525,3525,row_target_and_column_source,"G[target_index, source_index] = directed influence from source to target"
3526,3526,row_target_and_column_source,"G[target_index, source_index] = directed influence from source to target"
3527,3527,row_target_and_column_source,"G[target_index, source_index] = directed influence from source to target"
3528,3528,row_target_and_column_source,"G[target_index, source_index] = directed influence from source to target"
3529,3529,row_target_and_column_source,"G[target_index, source_index] = directed influence from source to target"
3530,3530,row_target_and_column_source,"G[target_index, source_index] = directed influence from source to target"
3531,3531,row_target_and_column_source,"G[target_index, source_index] = directed influence from source to target"
3532,3532,row_target_and_column_source,"G[target_index, source_index] = directed influence from source to target"
3533,3533,row_target_and_column_source,"G[target_index, source_index] = directed influence from source to target"
3534,3534,row_target_and_column_source,"G[target_index, source_index] = directed influence from source to target"
3535,3535,row_target_and_column_source,"G[target_index, source_index] = directed influence from source to target"
3536,3536,row_target_and_column_source,"G[target_index, source_index] = directed influence from source to target"
3537,3537,row_target_and_column_source,"G[target_index, source_index] = directed influence from source to target"
3538,3538,row_target_and_column_source,"G[target_index, source_index] = directed influence from source to target"
3539,3539,row_target_and_column_source,"G[target_index, source_index] = directed influence from source to target"
3540,3540,row_target_and_column_source,"G[target_index, source_index] = directed influence from source to target"
3541,3541,row_target_and_column_source,"G[target_index, source_index] = directed influence from source to target"
3542,3542,row_target_and_column_source,"G[target_index, source_index] = directed influence from source to target"
3543,3543,row_target_and_column_source,"G[target_index, source_index] = directed influence from source to target"
3544,3544,row_target_and_column_source,"G[target_index, source_index] = directed influence from source to target"
3545,3545,row_target_and_column_source,"G[target_index, source_index] = directed influence from source to target"
3546,3546,row_target_and_column_source,"G[target_index, source_index] = directed influence from source to target"
3547,3547,row_target_and_column_source,"G[target_index, source_index] = directed influence from source to target"
3548,3548,row_target_and_column_source,"G[target_index, source_index] = directed influence from source to target"
3549,3549,row_target_and_column_source,"G[target_index, source_index] = directed influence from source to target"
3550,3550,row_target_and_column_source,"G[target_index, source_index] = directed influence from source to target"
3551,3551,row_target_and_column_source,"G[target_index, source_index] = directed influence from source to target"
3552,3552,row_target_and_column_source,"G[target_index, source_index] = directed influence from source to target"
3553,3553,row_target_and_column_source,"G[target_index, source_index] = directed influence from source to target"
3554,3554,row_target_and_column_source,"G[target_index, source_index] = directed influence from source to target"
3555,3555,row_target_and_column_source,"G[target_index, source_index] = directed influence from source to target"
3556,3556,row_target_and_column_source,"G[target_index, source_index] = directed influence from source to target"
3557,3557,row_target_and_column_source,"G[target_index, source_index] = directed influence from source to target"
3558,3558,row_target_and_column_source,"G[target_index, source_index] = directed influence from source to target"
3559,3559,row_target_and_column_source,"G[target_index, source_index] = directed influence from source to target"
3560,3560,row_target_and_column_source,"G[target_index, source_index] = directed influence from source to target"
3561,3561,row_target_and_column_source,"G[target_index, source_index] = directed influence from source to target"
3562,3562,row_target_and_column_source,"G[target_index, source_index] = directed influence from source to target"
3563,3563,row_target_and_column_source,"G[target_index, source_index] = directed influence from source to target"
3564,3564,row_target_and_column_source,"G[target_index, source_index] = directed influence from source to target"
3565,3565,row_target_and_column_source,"G[target_index, source_index] = directed influence from source to target"
3566,3566,row_target_and_column_source,"G[target_index, source_index] = directed influence from source to target"
3567,3567,row_target_and_column_source,"G[target_index, source_index] = directed influence from source to target"
3568,3568,row_target_and_column_source,"G[target_index, source_index] = directed influence from source to target"
3569,3569,row_target_and_column_source,"G[target_index, source_index] = directed influence from source to target"
3570,3570,row_target_and_column_source,"G[target_index, source_index] = directed influence from source to target"
3571,3571,row_target_and_column_source,"G[target_index, source_index] = directed influence from source to target"
3572,3572,row_target_and_column_source,"G[target_index, source_index] = directed influence from source to target"
3573,3573,row_target_and_column_source,"G[target_index, source_index] = directed influence from source to target"
3574,3574,row_target_and_column_source,"G[target_index, source_index] = directed influence from source to target"
3575,3575,row_target_and_column_source,"G[target_index, source_index] = directed influence from source to target"
3576,3576,row_target_and_column_source,"G[target_index, source_index] = directed influence from source to target"
3577,3577,row_target_and_column_source,"G[target_index, source_index] = directed influence from source to target"
3578,3578,row_target_and_column_source,"G[target_index, source_index] = directed influence from source to target"
3579,3579,row_target_and_column_source,"G[target_index, source_index] = directed influence from source to target"
3580,3580,row_target_and_column_source,"G[target_index, source_index] = directed influence from source to target"
3581,3581,row_target_and_column_source,"G[target_index, source_index] = directed influence from source to target"
3582,3582,row_target_and_column_source,"G[target_index, source_index] = directed influence from source to target"
3583,3583,row_target_and_column_source,"G[target_index, source_index] = directed influence from source to target"
3584,3584,row_target_and_column_source,"G[target_index, source_index] = directed influence from source to target"
3585,3585,row_target_and_column_source,"G[target_index, source_index] = directed influence from source to target"
3586,3586,row_target_and_column_source,"G[target_index, source_index] = directed influence from source to target"
3587,3587,row_target_and_column_source,"G[target_index, source_index] = directed influence from source to target"
3588,3588,row_target_and_column_source,"G[target_index, source_index] = directed influence from source to target"
3589,3589,row_target_and_column_source,"G[target_index, source_index] = directed influence from source to target"
3590,3590,row_target_and_column_source,"G[target_index, source_index] = directed influence from source to target"
3591,3591,row_target_and_column_source,"G[target_index, source_index] = directed influence from source to target"
3592,3592,row_target_and_column_source,"G[target_index, source_index] = directed influence from source to target"
3593,3593,row_target_and_column_source,"G[target_index, source_index] = directed influence from source to target"
3594,3594,row_target_and_column_source,"G[target_index, source_index] = directed influence from source to target"
3595,3595,row_target_and_column_source,"G[target_index, source_index] = directed influence from source to target"
3596,3596,row_target_and_column_source,"G[target_index, source_index] = directed influence from source to target"
3597,3597,row_target_and_column_source,"G[target_index, source_index] = directed influence from source to target"
3598,3598,row_target_and_column_source,"G[target_index, source_index] = directed influence from source to target"
3599,3599,row_target_and_column_source,"G[target_index, source_index] = directed influence from source to target"
3600,3600,row_target_and_column_source,"G[target_index, source_index] = directed influence from source to target"
3601,3601,row_target_and_column_source,"G[target_index, source_index] = directed influence from source to target"
3602,3602,row_target_and_column_source,"G[target_index, source_index] = directed influence from source to target"
3603,3603,row_target_and_column_source,"G[target_index, source_index] = directed influence from source to target"
3604,3604,row_target_and_column_source,"G[target_index, source_index] = directed influence from source to target"
3605,3605,row_target_and_column_source,"G[target_index, source_index] = directed influence from source to target"
3606,3606,row_target_and_column_source,"G[target_index, source_index] = directed influence from source to target"
3607,3607,row_target_and_column_source,"G[target_index, source_index] = directed influence from source to target"
3608,3608,row_target_and_column_source,"G[target_index, source_index] = directed influence from source to target"
3609,3609,row_target_and_column_source,"G[target_index, source_index] = directed influence from source to target"
3610,3610,row_target_and_column_source,"G[target_index, source_index] = directed influence from source to target"
3611,3611,row_target_and_column_source,"G[target_index, source_index] = directed influence from source to target"
3612,3612,row_target_and_column_source,"G[target_index, source_index] = directed influence from source to target"
3613,3613,row_target_and_column_source,"G[target_index, source_index] = directed influence from source to target"
3614,3614,row_target_and_column_source,"G[target_index, source_index] = directed influence from source to target"
3615,3615,row_target_and_column_source,"G[target_index, source_index] = directed influence from source to target"
3616,3616,row_target_and_column_source,"G[target_index, source_index] = directed influence from source to target"
3617,3617,row_target_and_column_source,"G[target_index, source_index] = directed influence from source to target"
3618,3618,row_target_and_column_source,"G[target_index, source_index] = directed influence from source to target"
3619,3619,row_target_and_column_source,"G[target_index, source_index] = directed influence from source to target"
3620,3620,row_target_and_column_source,"G[target_index, source_index] = directed influence from source to target"
3621,3621,row_target_and_column_source,"G[target_index, source_index] = directed influence from source to target"
3622,3622,row_target_and_column_source,"G[target_index, source_index] = directed influence from source to target"
3623,3623,row_target_and_column_source,"G[target_index, source_index] = directed influence from source to target"
3624,3624,row_target_and_column_source,"G[target_index, source_index] = directed influence from source to target"
3625,3625,row_target_and_column_source,"G[target_index, source_index] = directed influence from source to target"
3626,3626,row_target_and_column_source,"G[target_index, source_index] = directed influence from source to target"
3627,3627,row_target_and_column_source,"G[target_index, source_index] = directed influence from source to target"
3628,3628,row_target_and_column_source,"G[target_index, source_index] = directed influence from source to target"
3629,3629,row_target_and_column_source,"G[target_index, source_index] = directed influence from source to target"
3630,3630,row_target_and_column_source,"G[target_index, source_index] = directed influence from source to target"
3631,3631,row_target_and_column_source,"G[target_index, source_index] = directed influence from source to target"
3632,3632,row_target_and_column_source,"G[target_index, source_index] = directed influence from source to target"
3633,3633,row_target_and_column_source,"G[target_index, source_index] = directed influence from source to target"
3634,3634,row_target_and_column_source,"G[target_index, source_index] = directed influence from source to target"
3635,3635,row_target_and_column_source,"G[target_index, source_index] = directed influence from source to target"
3636,3636,row_target_and_column_source,"G[target_index, source_index] = directed influence from source to target"
3637,3637,row_target_and_column_source,"G[target_index, source_index] = directed influence from source to target"
3638,3638,row_target_and_column_source,"G[target_index, source_index] = directed influence from source to target"
3639,3639,row_target_and_column_source,"G[target_index, source_index] = directed influence from source to target"
3640,3640,row_target_and_column_source,"G[target_index, source_index] = directed influence from source to target"
3641,3641,row_target_and_column_source,"G[target_index, source_index] = directed influence from source to target"
3642,3642,row_target_and_column_source,"G[target_index, source_index] = directed influence from source to target"
3643,3643,row_target_and_column_source,"G[target_index, source_index] = directed influence from source to target"
3644,3644,row_target_and_column_source,"G[target_index, source_index] = directed influence from source to target"
3645,3645,row_target_and_column_source,"G[target_index, source_index] = directed influence from source to target"
3646,3646,row_target_and_column_source,"G[target_index, source_index] = directed influence from source to target"
3647,3647,row_target_and_column_source,"G[target_index, source_index] = directed influence from source to target"
3648,3648,row_target_and_column_source,"G[target_index, source_index] = directed influence from source to target"
3649,3649,row_target_and_column_source,"G[target_index, source_index] = directed influence from source to target"
3650,3650,row_target_and_column_source,"G[target_index, source_index] = directed influence from source to target"
3651,3651,row_target_and_column_source,"G[target_index, source_index] = directed influence from source to target"
3652,3652,row_target_and_column_source,"G[target_index, source_index] = directed influence from source to target"
3653,3653,row_target_and_column_source,"G[target_index, source_index] = directed influence from source to target"
3654,3654,row_target_and_column_source,"G[target_index, source_index] = directed influence from source to target"
3655,3655,row_target_and_column_source,"G[target_index, source_index] = directed influence from source to target"
3656,3656,row_target_and_column_source,"G[target_index, source_index] = directed influence from source to target"
3657,3657,row_target_and_column_source,"G[target_index, source_index] = directed influence from source to target"
3658,3658,row_target_and_column_source,"G[target_index, source_index] = directed influence from source to target"
3659,3659,row_target_and_column_source,"G[target_index, source_index] = directed influence from source to target"
3660,3660,row_target_and_column_source,"G[target_index, source_index] = directed influence from source to target"
3661,3661,row_target_and_column_source,"G[target_index, source_index] = directed influence from source to target"
3662,3662,row_target_and_column_source,"G[target_index, source_index] = directed influence from source to target"
3663,3663,row_target_and_column_source,"G[target_index, source_index] = directed influence from source to target"
3664,3664,row_target_and_column_source,"G[target_index, source_index] = directed influence from source to target"
3665,3665,row_target_and_column_source,"G[target_index, source_index] = directed influence from source to target"
3666,3666,row_target_and_column_source,"G[target_index, source_index] = directed influence from source to target"
3667,3667,row_target_and_column_source,"G[target_index, source_index] = directed influence from source to target"
3668,3668,row_target_and_column_source,"G[target_index, source_index] = directed influence from source to target"
3669,3669,row_target_and_column_source,"G[target_index, source_index] = directed influence from source to target"
3670,3670,row_target_and_column_source,"G[target_index, source_index] = directed influence from source to target"
3671,3671,row_target_and_column_source,"G[target_index, source_index] = directed influence from source to target"
3672,3672,row_target_and_column_source,"G[target_index, source_index] = directed influence from source to target"
3673,3673,row_target_and_column_source,"G[target_index, source_index] = directed influence from source to target"
3674,3674,row_target_and_column_source,"G[target_index, source_index] = directed influence from source to target"
3675,3675,row_target_and_column_source,"G[target_index, source_index] = directed influence from source to target"
3676,3676,row_target_and_column_source,"G[target_index, source_index] = directed influence from source to target"
3677,3677,row_target_and_column_source,"G[target_index, source_index] = directed influence from source to target"
3678,3678,row_target_and_column_source,"G[target_index, source_index] = directed influence from source to target"
3679,3679,row_target_and_column_source,"G[target_index, source_index] = directed influence from source to target"
3680,3680,row_target_and_column_source,"G[target_index, source_index] = directed influence from source to target"
3681,3681,row_target_and_column_source,"G[target_index, source_index] = directed influence from source to target"
3682,3682,row_target_and_column_source,"G[target_index, source_index] = directed influence from source to target"
3683,3683,row_target_and_column_source,"G[target_index, source_index] = directed influence from source to target"
3684,3684,row_target_and_column_source,"G[target_index, source_index] = directed influence from source to target"
3685,3685,row_target_and_column_source,"G[target_index, source_index] = directed influence from source to target"
3686,3686,row_target_and_column_source,"G[target_index, source_index] = directed influence from source to target"
3687,3687,row_target_and_column_source,"G[target_index, source_index] = directed influence from source to target"
3688,3688,row_target_and_column_source,"G[target_index, source_index] = directed influence from source to target"
3689,3689,row_target_and_column_source,"G[target_index, source_index] = directed influence from source to target"
3690,3690,row_target_and_column_source,"G[target_index, source_index] = directed influence from source to target"
3691,3691,row_target_and_column_source,"G[target_index, source_index] = directed influence from source to target"
3692,3692,row_target_and_column_source,"G[target_index, source_index] = directed influence from source to target"
3693,3693,row_target_and_column_source,"G[target_index, source_index] = directed influence from source to target"
3694,3694,row_target_and_column_source,"G[target_index, source_index] = directed influence from source to target"
3695,3695,row_target_and_column_source,"G[target_index, source_index] = directed influence from source to target"
3696,3696,row_target_and_column_source,"G[target_index, source_index] = directed influence from source to target"
